geo,value,date,type,average_12
Canada,7724526000,2021-08-01,Residential,9405642000
Canada,3992607000,2021-08-01,Non-residential,3917696333.3333335
Canada,8502896000,2021-09-01,Residential,9332065916.666666
Canada,4192542000,2021-09-01,Non-residential,3879535416.6666665
Canada,8932482000,2021-10-01,Residential,9282803083.333334
Canada,4497194000,2021-10-01,Non-residential,3967723666.6666665
Canada,9177170000,2021-11-01,Residential,9263503666.666666
Canada,3998845000,2021-11-01,Non-residential,3966638166.6666665
Canada,9151183000,2021-12-01,Residential,9249260916.666666
Canada,4386813000,2021-12-01,Non-residential,4029979333.3333335
Canada,8351994000,2022-01-01,Residential,9050909000
Canada,4012313000,2022-01-01,Non-residential,4044630000
Canada,8628873000,2022-02-01,Residential,8972850333.333334
Canada,5037313000,2022-02-01,Non-residential,4111685833.3333335
Canada,8755910000,2022-03-01,Residential,8792667666.666666
Canada,4113629000,2022-03-01,Non-residential,4166018250
Canada,8706051000,2022-04-01,Residential,8655127500
Canada,4723339000,2022-04-01,Non-residential,4194877583.3333335
Canada,8658959000,2022-05-01,Residential,8658174416.666666
Canada,4454839000,2022-05-01,Non-residential,4249102416.6666665
Canada,8685720000,2022-06-01,Residential,8668070166.666666
Canada,3862531000,2022-06-01,Non-residential,4255173250
Canada,7906498000,2022-07-01,Residential,8598521833.333334
Canada,3834536000,2022-07-01,Non-residential,4258875083.3333335
Canada,8593504000,2022-08-01,Residential,8670936666.666666
Canada,4171308000,2022-08-01,Non-residential,4273766833.3333335
Canada,6899336000,2022-09-01,Residential,8537306666.666667
Canada,3623334000,2022-09-01,Non-residential,4226332833.3333335
Canada,6454225000,2022-10-01,Residential,8330785250
Canada,3898045000,2022-10-01,Non-residential,4176403750
Canada,7307408000,2022-11-01,Residential,8174971750
Canada,4524261000,2022-11-01,Non-residential,4220188416.6666665
Canada,7171804000,2022-12-01,Residential,8010023500
Canada,4439165000,2022-12-01,Non-residential,4224551083.3333335
Canada,6454859000,2023-01-01,Residential,7851928916.666667
Canada,4460106000,2023-01-01,Non-residential,4261867166.6666665
Canada,6813854000,2023-02-01,Residential,7700677333.333333
Canada,3879120000,2023-02-01,Non-residential,4165351083.3333335
Canada,6800800000,2023-03-01,Residential,7537751500
Canada,5402318000,2023-03-01,Non-residential,4272741833.3333335
Canada,6251583000,2023-04-01,Residential,7333212500
Canada,3639713000,2023-04-01,Non-residential,4182439666.6666665
Canada,7029130000,2023-05-01,Residential,7197393416.666667
Canada,4185195000,2023-05-01,Non-residential,4159969333.3333335
Canada,7868600000,2023-06-01,Residential,7129300083.333333
Canada,5551162000,2023-06-01,Non-residential,4300688583.333333
Canada,7189234000,2023-07-01,Residential,7069528083.333333
Canada,4388752000,2023-07-01,Non-residential,4346873250
Canada,6912021000,2023-08-01,Residential,6929404500
Canada,4704403000,2023-08-01,Non-residential,4391297833.333333
Canada,7586398000,2023-09-01,Residential,6986659666.666667
Canada,3940247000,2023-09-01,Non-residential,4417707250
Canada,6962177000,2023-10-01,Residential,7028989000
Canada,4110223000,2023-10-01,Non-residential,4435388750
Canada,7226679000,2023-11-01,Residential,7022261583.333333
Canada,4251247000,2023-11-01,Non-residential,4412637583.333333
Canada,5764665000,2023-12-01,Residential,6905000000
Canada,3959674000,2023-12-01,Non-residential,4372680000
Canada,6240316000,2024-01-01,Residential,6887121416.666667
Canada,4333833000,2024-01-01,Non-residential,4362157250
Canada,6761903000,2024-02-01,Residential,6882792166.666667
Canada,4829380000,2024-02-01,Non-residential,4441345583.333333
Canada,6460613000,2024-03-01,Residential,6854443250
Canada,4331384000,2024-03-01,Non-residential,4352101083.333333
Canada,8544687000,2024-04-01,Residential,7045535250
Canada,4886098000,2024-04-01,Non-residential,4455966500
Canada,7512549000,2024-05-01,Residential,7085820166.666667
Canada,4255418000,2024-05-01,Non-residential,4461818416.666667
Canada,6862376000,2024-06-01,Residential,7001968166.666667
Canada,3730384000,2024-06-01,Non-residential,4310086916.666667
Canada,7314273000,2024-07-01,Residential,7012388083.333333
Canada,4767367000,2024-07-01,Non-residential,4341638166.666667
Canada,7283035000,2024-08-01,Residential,7043305916.666667
Canada,4401572000,2024-08-01,Non-residential,4316402250
Canada,7647857000,2024-09-01,Residential,7048427500
Canada,5126315000,2024-09-01,Non-residential,4415241250
Canada,7335952000,2024-10-01,Residential,7079575416.666667
Canada,4418328000,2024-10-01,Non-residential,4440916666.666667
Canada,7202913000,2024-11-01,Residential,7077594916.666667
Canada,4624782000,2024-11-01,Non-residential,4472044583.333333
Canada,8491270000,2024-12-01,Residential,7304812000
Canada,3977853000,2024-12-01,Non-residential,4473559500
Canada,8069564000,2025-01-01,Residential,7457249333.333333
Canada,3785686000,2025-01-01,Non-residential,4427880583.333333
Canada,7642054000,2025-02-01,Residential,7530595250
Canada,4871225000,2025-02-01,Non-residential,4431367666.666667
Canada,7760510000,2025-03-01,Residential,7638920000
Canada,3982541000,2025-03-01,Non-residential,4402297416.666667
Canada,6836889000,2025-04-01,Residential,7496603500
Canada,4240731000,2025-04-01,Non-residential,4348516833.333333
Canada,7052891000,2025-05-01,Residential,7458298666.666667
Canada,5073943000,2025-05-01,Non-residential,4416727250
Canada,6731433000,2025-06-01,Residential,7447386750
Canada,4589315000,2025-06-01,Non-residential,4488304833.333333
Canada,6867313000,2025-07-01,Residential,7410140083.333333
Canada,4356258000,2025-07-01,Non-residential,4454045750
Canada,6669315000,2025-08-01,Residential,7358996750
Canada,4189445000,2025-08-01,Non-residential,4436368500
Canada,6890463000,2025-09-01,Residential,7295880583.333333
Canada,4363747000,2025-09-01,Non-residential,4372821166.666667
Canada,7506213000,2025-10-01,Residential,7310069000
Canada,4873183000,2025-10-01,Non-residential,4410725750
Canada,7040116000,2025-11-01,Residential,7296502583.333333
Canada,4310998000,2025-11-01,Non-residential,4384577083.333333
Canada,7133517000,2025-12-01,Residential,7183356500
Canada,4608617000,2025-12-01,Non-residential,4437140750
Canada,7371932000,2026-01-01,Residential,7125220500
Canada,4769372000,2026-01-01,Non-residential,4519114583.333333
Canada,7509690000,2026-02-01,Residential,7114190166.666667
Canada,3659203000,2026-02-01,Non-residential,4418112750
Canada,7198178000,2026-03-01,Residential,7067329166.666667
Canada,5094347000,2026-03-01,Non-residential,4510763250
Canada,6903739000,2026-04-01,Residential,7072900000
Canada,4846473000,2026-04-01,Non-residential,4561241750
Canada,6865537000,2026-05-01,Residential,7057287166.666667
Canada,4438314000,2026-05-01,Non-residential,4508272666.666667
Canada,7135272000,2026-06-01,Residential,7090940416.666667
Canada,6172040000,2026-06-01,Non-residential,4640166416.666667
Canada,6501257000,2026-07-01,Residential,7060435750
Canada,4476541000,2026-07-01,Non-residential,4650190000
Ontario,3207095000,2021-08-01,Residential,4498078916.666667
Ontario,1495113000,2021-08-01,Non-residential,1719336750
Ontario,3966009000,2021-09-01,Residential,4427615000
Ontario,1585999000,2021-09-01,Non-residential,1644588250
Ontario,4062862000,2021-10-01,Residential,4361894000
Ontario,1842572000,2021-10-01,Non-residential,1682880750
Ontario,3907047000,2021-11-01,Residential,4300617416.666667
Ontario,1431577000,2021-11-01,Non-residential,1639593916.6666667
Ontario,4038562000,2021-12-01,Residential,4262794500
Ontario,1875565000,2021-12-01,Non-residential,1673080916.6666667
Ontario,3737167000,2022-01-01,Residential,4130870166.6666665
Ontario,1731921000,2022-01-01,Non-residential,1682375083.3333333
Ontario,3593205000,2022-02-01,Residential,4081686000
Ontario,1444791000,2022-02-01,Non-residential,1642501416.6666667
Ontario,3820913000,2022-03-01,Residential,3971363333.3333335
Ontario,1654700000,2022-03-01,Non-residential,1647765416.6666667
Ontario,3456873000,2022-04-01,Residential,3822905166.6666665
Ontario,2036258000,2022-04-01,Non-residential,1667512416.6666667
Ontario,3634074000,2022-05-01,Residential,3814073166.6666665
Ontario,1651190000,2022-05-01,Non-residential,1674283333.3333333
Ontario,3927802000,2022-06-01,Residential,3792247250
Ontario,1815903000,2022-06-01,Non-residential,1702550000
Ontario,3022544000,2022-07-01,Residential,3697846083.3333335
Ontario,1389967000,2022-07-01,Non-residential,1662963000
Ontario,4016401000,2022-08-01,Residential,3765288250
Ontario,1930213000,2022-08-01,Non-residential,1699221333.3333333
Ontario,2904495000,2022-09-01,Residential,3676828750
Ontario,1259657000,2022-09-01,Non-residential,1672026166.6666667
Ontario,2402150000,2022-10-01,Residential,3538436083.3333335
Ontario,1514768000,2022-10-01,Non-residential,1644709166.6666667
Ontario,3062417000,2022-11-01,Residential,3468050250
Ontario,2383119000,2022-11-01,Non-residential,1724004333.3333333
Ontario,3109298000,2022-12-01,Residential,3390611583.3333335
Ontario,1711937000,2022-12-01,Non-residential,1710368666.6666667
Ontario,2813735000,2023-01-01,Residential,3313658916.6666665
Ontario,1909481000,2023-01-01,Non-residential,1725165333.3333333
Ontario,3083705000,2023-02-01,Residential,3271200583.3333335
Ontario,1773724000,2023-02-01,Non-residential,1752576416.6666667
Ontario,3084197000,2023-03-01,Residential,3209807583.3333335
Ontario,1992144000,2023-03-01,Non-residential,1780696750
Ontario,2558433000,2023-04-01,Residential,3134937583.3333335
Ontario,1648152000,2023-04-01,Non-residential,1748354583.3333333
Ontario,2955668000,2023-05-01,Residential,3078403750
Ontario,1780685000,2023-05-01,Non-residential,1759145833.3333333
Ontario,2887577000,2023-06-01,Residential,2991718333.3333335
Ontario,1824204000,2023-06-01,Non-residential,1759837583.3333333
Ontario,3298025000,2023-07-01,Residential,3014675083.3333335
Ontario,1779531000,2023-07-01,Non-residential,1792301250
Ontario,3023870000,2023-08-01,Residential,2931964166.6666665
Ontario,1950246000,2023-08-01,Non-residential,1793970666.6666667
Ontario,2890461000,2023-09-01,Residential,2930794666.6666665
Ontario,1619781000,2023-09-01,Non-residential,1823981000
Ontario,2866579000,2023-10-01,Residential,2969497083.3333335
Ontario,1862350000,2023-10-01,Non-residential,1852946166.6666667
Ontario,3038492000,2023-11-01,Residential,2967503333.3333335
Ontario,1564681000,2023-11-01,Non-residential,1784743000
Ontario,2099932000,2023-12-01,Residential,2883389500
Ontario,1722733000,2023-12-01,Non-residential,1785642666.6666667
Ontario,2361076000,2024-01-01,Residential,2845667916.6666665
Ontario,1709366000,2024-01-01,Non-residential,1768966416.6666667
Ontario,2508330000,2024-02-01,Residential,2797720000
Ontario,2526806000,2024-02-01,Non-residential,1831723250
Ontario,2537271000,2024-03-01,Residential,2752142833.3333335
Ontario,2208025000,2024-03-01,Non-residential,1849713333.3333333
Ontario,3257438000,2024-04-01,Residential,2810393250
Ontario,1920147000,2024-04-01,Non-residential,1872379583.3333333
Ontario,3513251000,2024-05-01,Residential,2856858500
Ontario,1700197000,2024-05-01,Non-residential,1865672250
Ontario,2964139000,2024-06-01,Residential,2863238666.6666665
Ontario,1761617000,2024-06-01,Non-residential,1860456666.6666667
Ontario,2650275000,2024-07-01,Residential,2809259500
Ontario,2105456000,2024-07-01,Non-residential,1887617083.3333333
Ontario,2620298000,2024-08-01,Residential,2775628500
Ontario,2176059000,2024-08-01,Non-residential,1906434833.3333333
Ontario,3359618000,2024-09-01,Residential,2814724916.6666665
Ontario,2521813000,2024-09-01,Non-residential,1981604166.6666667
Ontario,2680222000,2024-10-01,Residential,2799195166.6666665
Ontario,2134582000,2024-10-01,Non-residential,2004290166.6666667
Ontario,2785571000,2024-11-01,Residential,2778118416.6666665
Ontario,1826088000,2024-11-01,Non-residential,2026074083.3333333
Ontario,3491773000,2024-12-01,Residential,2894105166.6666665
Ontario,1701648000,2024-12-01,Non-residential,2024317000
Ontario,2947189000,2025-01-01,Residential,2942947916.6666665
Ontario,1547468000,2025-01-01,Non-residential,2010825500
Ontario,2972982000,2025-02-01,Residential,2981668916.6666665
Ontario,1752141000,2025-02-01,Non-residential,1946270083.3333333
Ontario,2661535000,2025-03-01,Residential,2992024250
Ontario,1644541000,2025-03-01,Non-residential,1899313083.3333333
Ontario,2479578000,2025-04-01,Residential,2927202583.3333335
Ontario,1966816000,2025-04-01,Non-residential,1903202166.6666667
Ontario,2088477000,2025-05-01,Residential,2808471416.6666665
Ontario,2719445000,2025-05-01,Non-residential,1988139500
Ontario,2269399000,2025-06-01,Residential,2750576416.6666665
Ontario,2132162000,2025-06-01,Non-residential,2019018250
Ontario,2617540000,2025-07-01,Residential,2747848500
Ontario,1921654000,2025-07-01,Non-residential,2003701416.6666667
Ontario,2222199000,2025-08-01,Residential,2714673583.3333335
Ontario,1559501000,2025-08-01,Non-residential,1952321583.3333333
Ontario,2187803000,2025-09-01,Residential,2617022333.3333335
Ontario,1623263000,2025-09-01,Non-residential,1877442416.6666667
Ontario,2656526000,2025-10-01,Residential,2615047666.6666665
Ontario,1829476000,2025-10-01,Non-residential,1852016916.6666667
Ontario,2263322000,2025-11-01,Residential,2571526916.6666665
Ontario,1797273000,2025-11-01,Non-residential,1849615666.6666667
Ontario,2381216000,2025-12-01,Residential,2478980500
Ontario,2134880000,2025-12-01,Non-residential,1885718333.3333333
Ontario,2562135000,2026-01-01,Residential,2446892666.6666665
Ontario,2392500000,2026-01-01,Non-residential,1956137666.6666667
Ontario,2807885000,2026-02-01,Residential,2433134583.3333335
Ontario,1383752000,2026-02-01,Non-residential,1925438583.3333333
Ontario,2446767000,2026-03-01,Residential,2415237250
Ontario,2085876000,2026-03-01,Non-residential,1962216500
Ontario,2320265000,2026-04-01,Residential,2401961166.6666665
Ontario,2370385000,2026-04-01,Non-residential,1995847250
Ontario,2512859000,2026-05-01,Residential,2437326333.3333335
Ontario,1911044000,2026-05-01,Non-residential,1928480500
Ontario,2326071000,2026-06-01,Residential,2442049000
Ontario,3315386000,2026-06-01,Non-residential,2027082500
Ontario,2213225000,2026-07-01,Residential,2408356083.3333335
Ontario,2004057000,2026-07-01,Non-residential,2033949416.6666667
Region,160231000,2021-08-01,Residential,193758916.66666666
Region,36729000,2021-08-01,Non-residential,70122500
Region,141806000,2021-09-01,Residential,184794583.33333334
Region,54095000,2021-09-01,Non-residential,62938333.333333336
Region,111449000,2021-10-01,Residential,182965333.33333334
Region,58629000,2021-10-01,Non-residential,61919250
Region,158072000,2021-11-01,Residential,176175250
Region,54438000,2021-11-01,Non-residential,61379750
Region,156537000,2021-12-01,Residential,168770500
Region,52458000,2021-12-01,Non-residential,62518166.666666664
Region,103310000,2022-01-01,Residential,159471666.66666666
Region,88946000,2022-01-01,Non-residential,66181666.666666664
Region,117480000,2022-02-01,Residential,149996916.66666666
Region,100793000,2022-02-01,Non-residential,69835083.33333333
Region,160838000,2022-03-01,Residential,144816833.33333334
Region,116590000,2022-03-01,Non-residential,69218083.33333333
Region,163031000,2022-04-01,Residential,138078166.66666666
Region,71127000,2022-04-01,Non-residential,67639583.33333333
Region,152960000,2022-05-01,Residential,138484916.66666666
Region,86753000,2022-05-01,Non-residential,70533750
Region,186774000,2022-06-01,Residential,145095583.33333334
Region,82027000,2022-06-01,Non-residential,71833250
Region,113090000,2022-07-01,Residential,143798166.66666666
Region,25192000,2022-07-01,Non-residential,68981416.66666667
Region,119696000,2022-08-01,Residential,140420250
Region,171915000,2022-08-01,Non-residential,80246916.66666667
Region,82780000,2022-09-01,Residential,135501416.66666666
Region,72149000,2022-09-01,Non-residential,81751416.66666667
Region,151633000,2022-10-01,Residential,138850083.33333334
Region,85457000,2022-10-01,Non-residential,83987083.33333333
Region,139563000,2022-11-01,Residential,137307666.66666666
Region,89281000,2022-11-01,Non-residential,86890666.66666667
Region,83888000,2022-12-01,Residential,131253583.33333333
Region,206279000,2022-12-01,Non-residential,99709083.33333333
Region,97331000,2023-01-01,Residential,130755333.33333333
Region,76862000,2023-01-01,Non-residential,98702083.33333333
Region,97508000,2023-02-01,Residential,129091000
Region,61958000,2023-02-01,Non-residential,95465833.33333333
Region,107626000,2023-03-01,Residential,124656666.66666667
Region,37209000,2023-03-01,Non-residential,88850750
Region,128997000,2023-04-01,Residential,121820500
Region,50065000,2023-04-01,Non-residential,87095583.33333333
Region,270488000,2023-05-01,Residential,131614500
Region,55162000,2023-05-01,Non-residential,84463000
Region,88496000,2023-06-01,Residential,123424666.66666667
Region,44542000,2023-06-01,Non-residential,81339250
Region,241855000,2023-07-01,Residential,134155083.33333333
Region,93555000,2023-07-01,Non-residential,87036166.66666667
Region,141572000,2023-08-01,Residential,135978083.33333334
Region,58982000,2023-08-01,Non-residential,77625083.33333333
Region,216493000,2023-09-01,Residential,147120833.33333334
Region,39601000,2023-09-01,Non-residential,74912750
Region,176637000,2023-10-01,Residential,149204500
Region,72244000,2023-10-01,Non-residential,73811666.66666667
Region,228962000,2023-11-01,Residential,156654416.66666666
Region,55882000,2023-11-01,Non-residential,71028416.66666667
Region,101208000,2023-12-01,Residential,158097750
Region,46860000,2023-12-01,Non-residential,57743500
Region,144177000,2024-01-01,Residential,162001583.33333334
Region,67508000,2024-01-01,Non-residential,56964000
Region,102756000,2024-02-01,Residential,162438916.66666666
Region,71886000,2024-02-01,Non-residential,57791333.333333336
Region,91292000,2024-03-01,Residential,161077750
Region,80972000,2024-03-01,Non-residential,61438250
Region,54392000,2024-04-01,Residential,154860666.66666666
Region,114291000,2024-04-01,Non-residential,66790416.666666664
Region,66546000,2024-05-01,Residential,137865500
Region,104844000,2024-05-01,Non-residential,70930583.33333333
Region,94969000,2024-06-01,Residential,138404916.66666666
Region,185404000,2024-06-01,Non-residential,82669083.33333333
Region,48013000,2024-07-01,Residential,122251416.66666667
Region,114658000,2024-07-01,Non-residential,84427666.66666667
Region,106188000,2024-08-01,Residential,119302750
Region,91574000,2024-08-01,Non-residential,87143666.66666667
Region,128259000,2024-09-01,Residential,111949916.66666667
Region,219904000,2024-09-01,Non-residential,102168916.66666667
Region,44293000,2024-10-01,Residential,100921250
Region,87315000,2024-10-01,Non-residential,103424833.33333333
Region,93279000,2024-11-01,Residential,89614333.33333333
Region,107678000,2024-11-01,Non-residential,107741166.66666667
Region,155132000,2024-12-01,Residential,94108000
Region,112303000,2024-12-01,Non-residential,113194750
Region,101046000,2025-01-01,Residential,90513750
Region,105028000,2025-01-01,Non-residential,116321416.66666667
Region,116595000,2025-02-01,Residential,91667000
Region,59552000,2025-02-01,Non-residential,115293583.33333333
Region,82642000,2025-03-01,Residential,90946166.66666667
Region,74430000,2025-03-01,Non-residential,114748416.66666667
Region,190509000,2025-04-01,Residential,102289250
Region,50970000,2025-04-01,Non-residential,109471666.66666667
Region,52399000,2025-05-01,Residential,101110333.33333333
Region,68930000,2025-05-01,Non-residential,106478833.33333333
Region,151370000,2025-06-01,Residential,105810416.66666667
Region,101119000,2025-06-01,Non-residential,99455083.33333333
Region,162132000,2025-07-01,Residential,115320333.33333333
Region,33250000,2025-07-01,Non-residential,92671083.33333333
Region,102644000,2025-08-01,Residential,115025000
Region,37917000,2025-08-01,Non-residential,88199666.66666667
Region,92603000,2025-09-01,Residential,112053666.66666667
Region,17100000,2025-09-01,Non-residential,71299333.33333333
Region,166026000,2025-10-01,Residential,122198083.33333333
Region,52068000,2025-10-01,Non-residential,68362083.33333333
Region,86145000,2025-11-01,Residential,121603583.33333333
Region,60664000,2025-11-01,Non-residential,64444250
Region,47141000,2025-12-01,Residential,112604333.33333333
Region,35122000,2025-12-01,Non-residential,58012500
Region,195556000,2026-01-01,Residential,120480166.66666667
Region,31320000,2026-01-01,Non-residential,51870166.666666664
Region,73654000,2026-02-01,Residential,116901750
Region,71559000,2026-02-01,Non-residential,52870750
Region,225528000,2026-03-01,Residential,128808916.66666667
Region,51672000,2026-03-01,Non-residential,50974250
Region,114343000,2026-04-01,Residential,122461750
Region,42403000,2026-04-01,Non-residential,50260333.333333336
Region,79756000,2026-05-01,Residential,124741500
Region,54678000,2026-05-01,Non-residential,49072666.666666664
Region,113774000,2026-06-01,Residential,121608500
Region,44597000,2026-06-01,Non-residential,44362500
Region,86627000,2026-07-01,Residential,115316416.66666667
Region,31279000,2026-07-01,Non-residential,44198250
