geo,date,measure,businesses,average_12,active_businesses,percent
Canada,2021-06-01,Openings,43044,NA,893151,4.819341858207626
Canada,2021-06-01,Closures,41160,37803.25,893151,4.608403282311726
Canada,2021-07-01,Openings,46009,NA,901562,5.1032541300542835
Canada,2021-07-01,Closures,36155,37830.166666666664,901562,4.010262189400175
Canada,2021-08-01,Openings,41327,44807.166666666664,903641,4.573386997712587
Canada,2021-08-01,Closures,40108,38693.833333333336,903641,4.4384882934705265
Canada,2021-09-01,Openings,41961,44192.833333333336,905253,4.6352787563255795
Canada,2021-09-01,Closures,41682,39395,905253,4.604458643053379
Canada,2021-10-01,Openings,43451,43710.833333333336,909234,4.778857807781056
Canada,2021-10-01,Closures,39556,39731.5,909234,4.35047523519798
Canada,2021-11-01,Openings,44058,43461.083333333336,911894,4.831482606531022
Canada,2021-11-01,Closures,40866,39673.333333333336,911894,4.4814419219777735
Canada,2021-12-01,Openings,42880,43090.333333333336,913858,4.6921950675050175
Canada,2021-12-01,Closures,42721,40170.25,913858,4.674796303145565
Canada,2022-01-01,Openings,43823,43028.666666666664,918588,4.770691539623857
Canada,2022-01-01,Closures,40505,40260.5,918588,4.409484992183656
Canada,2022-02-01,Openings,46176,43160.666666666664,919950,5.019403228436328
Canada,2022-02-01,Closures,45162,40645.416666666664,919950,4.9091798467308
Canada,2022-03-01,Openings,45202,43196,922551,4.899674923120782
Canada,2022-03-01,Closures,42737,40938.083333333336,922551,4.632481022729366
Canada,2022-04-01,Openings,44103,43390,925517,4.765228515521595
Canada,2022-04-01,Closures,39051,40734.083333333336,925517,4.219371443204176
Canada,2022-05-01,Openings,42503,43711.416666666664,926249,4.588722902804753
Canada,2022-05-01,Closures,43065,41064,926249,4.6493977321433
Canada,2022-06-01,Openings,42834,43693.916666666664,926833,4.621544550096943
Canada,2022-06-01,Closures,40215,40985.25,926833,4.33896937204437
Canada,2022-07-01,Openings,44537,43571.25,927742,4.800580333756583
Canada,2022-07-01,Closures,43455,41593.583333333336,927742,4.683953081783513
Canada,2022-08-01,Openings,43871,43783.25,928101,4.726963983445767
Canada,2022-08-01,Closures,43796,41900.916666666664,928101,4.718882966401286
Canada,2022-09-01,Openings,42778,43851.333333333336,928848,4.605489811034745
Canada,2022-09-01,Closures,42845,41997.833333333336,928848,4.612703047215475
Canada,2022-10-01,Openings,43202,43830.583333333336,928575,4.652505182672375
Canada,2022-10-01,Closures,43924,42361.833333333336,928575,4.730258729774117
Canada,2022-11-01,Openings,42721,43719.166666666664,928187,4.602628565149049
Canada,2022-11-01,Closures,42978,42537.833333333336,928187,4.630316951217804
Canada,2022-12-01,Openings,43033,43731.916666666664,930363,4.625398903438765
Canada,2022-12-01,Closures,40710,42370.25,930363,4.37571141586671
Canada,2023-01-01,Openings,43802,43730.166666666664,935128,4.6840646414180735
Canada,2023-01-01,Closures,41053,42415.916666666664,935128,4.390094190314054
Canada,2023-02-01,Openings,42599,43432.083333333336,934869,4.556681203462731
Canada,2023-02-01,Closures,43403,42269.333333333336,934869,4.64268255766316
Canada,2023-03-01,Openings,39783,42980.5,929764,4.278827745535426
Canada,2023-03-01,Closures,44069,42380.333333333336,929764,4.739804939748151
Canada,2023-04-01,Openings,44810,43039.416666666664,928406,4.826552176526218
Canada,2023-04-01,Closures,44694,42850.583333333336,928406,4.814057642884687
Canada,2023-05-01,Openings,47123,43424.416666666664,933072,5.050306943086921
Canada,2023-05-01,Closures,42791,42827.75,933072,4.586034089545072
Canada,2023-06-01,Openings,45506,43647.083333333336,935019,4.86685297304119
Canada,2023-06-01,Closures,43224,43078.5,935019,4.622793761410196
Canada,2023-07-01,Openings,40662,43324.166666666664,934056,4.353272180682957
Canada,2023-07-01,Closures,41857,42945.333333333336,934056,4.481208835444556
Canada,2023-08-01,Openings,44528,43378.916666666664,935241,4.761125741921067
Canada,2023-08-01,Closures,43127,42889.583333333336,935241,4.611324781526901
Canada,2023-09-01,Openings,44059,43485.666666666664,933914,4.717672076872175
Canada,2023-09-01,Closures,46176,43167.166666666664,933914,4.94435247785128
Canada,2023-10-01,Openings,44024,43554.166666666664,935002,4.7084391263334195
Canada,2023-10-01,Closures,43109,43099.25,935002,4.6105783730943894
Canada,2023-11-01,Openings,42759,43557.333333333336,936392,4.566356824919478
Canada,2023-11-01,Closures,41395,42967.333333333336,936392,4.420691334398414
Canada,2023-12-01,Openings,44384,43669.916666666664,936139,4.741176256944748
Canada,2023-12-01,Closures,43378,43189.666666666664,936139,4.633713583132419
Canada,2024-01-01,Openings,45211,43787.333333333336,939023,4.8146850503129315
Canada,2024-01-01,Closures,43331,43379.5,939023,4.614476961693164
Canada,2024-02-01,Openings,44306,43929.583333333336,939471,4.716058292379435
Canada,2024-02-01,Closures,43924,43422.916666666664,939471,4.675397111778863
Canada,2024-03-01,Openings,43565,44244.75,939631,4.636394499542906
Canada,2024-03-01,Closures,43225,43352.583333333336,939631,4.600210082468544
Canada,2024-04-01,Openings,44537,44222,938640,4.744843603511463
Canada,2024-04-01,Closures,44386,43326.916666666664,938640,4.728756498764169
Canada,2024-05-01,Openings,45034,44047.916666666664,939269,4.794579614572609
Canada,2024-05-01,Closures,44432,43463.666666666664,939269,4.730487219316299
Canada,2024-06-01,Openings,44142,43934.25,936953,4.7112288449900905
Canada,2024-06-01,Closures,46100,43703.333333333336,936953,4.920204108423795
Canada,2024-07-01,Openings,43989,44211.5,937892,4.690198871511859
Canada,2024-07-01,Closures,41834,43701.416666666664,937892,4.460428279588695
Canada,2024-08-01,Openings,44816,44235.5,936971,4.783072261574798
Canada,2024-08-01,Closures,45943,43936.083333333336,936971,4.903353465582179
Canada,2024-09-01,Openings,46067,44402.833333333336,937169,4.915548849780563
Canada,2024-09-01,Closures,46286,43945.25,937169,4.93891710033089
Canada,2024-10-01,Openings,45538,44529,937636,4.856682123979882
Canada,2024-10-01,Closures,45613,44153.916666666664,937636,4.8646809636148785
Canada,2024-11-01,Openings,46329,44826.5,936396,4.947586277600503
Canada,2024-11-01,Closures,47363,44651.25,936396,5.058009645491865
Canada,2024-12-01,Openings,48917,45204.25,938261,5.213581295609644
Canada,2024-12-01,Closures,47420,44988.083333333336,938261,5.054030808058738
Canada,2025-01-01,Openings,44507,45145.583333333336,938258,4.743577992407206
Canada,2025-01-01,Closures,44965,45124.25,938258,4.792391858102995
Canada,2025-02-01,Openings,44029,45122.5,938326,4.692292444203827
Canada,2025-02-01,Closures,44163,45144.166666666664,938326,4.706573195243444
Canada,2025-03-01,Openings,44419,45193.666666666664,938170,4.734642975153757
Canada,2025-03-01,Closures,44481,45248.833333333336,938170,4.741251585533539
Canada,2025-04-01,Openings,44574,45196.75,937780,4.753140395401907
Canada,2025-04-01,Closures,44155,45229.583333333336,937780,4.708460406491928
Canada,2025-05-01,Openings,45087,45201.166666666664,937850,4.807485205523272
Canada,2025-05-01,Closures,45224,45295.583333333336,937850,4.822093085248174
Canada,2025-06-01,Openings,44690,45246.833333333336,938630,4.761194506887699
Canada,2025-06-01,Closures,43856,45108.583333333336,938630,4.672341604253007
Canada,2025-07-01,Openings,48009,45581.833333333336,938561,5.115170990484369
Canada,2025-07-01,Closures,46514,45498.583333333336,938561,4.955884593542668
Canada,2025-08-01,Openings,44423,45549.083333333336,938539,4.733207677038461
Canada,2025-08-01,Closures,45056,45424.666666666664,938539,4.800652929713096
Canada,2025-09-01,Openings,45336,45488.166666666664,939754,4.824241237600478
Canada,2025-09-01,Closures,43993,45233.583333333336,939754,4.68133149739187
Canada,2025-10-01,Openings,42226,45212.166666666664,937976,4.501820942113658
Canada,2025-10-01,Closures,46131,45276.75,937976,4.918142894914156
Canada,2025-11-01,Openings,46404,45218.416666666664,938515,4.9444068555111
Canada,2025-11-01,Closures,45661,45134.916666666664,938515,4.865239234322307
Canada,2025-12-01,Openings,46205,44992.416666666664,937801,4.926951453453345
Canada,2025-12-01,Closures,45807,45000.5,937801,4.884511746095387
Canada,2026-01-01,Openings,46303,45142.083333333336,936326,4.945179349927269
Canada,2026-01-01,Closures,47075,45176.333333333336,936326,5.027629265875347
Canada,2026-02-01,Openings,46899,45381.25,936065,5.010228990508138
Canada,2026-02-01,Closures,46829,45398.5,936065,5.002750877342919
Canada,2026-03-01,Openings,47491,45637.25,935719,5.075348475343559
Canada,2026-03-01,Closures,47578,45656.583333333336,935719,5.084646138424036
Canada,2026-04-01,Openings,47371,45870.333333333336,937066,5.055246908969059
Canada,2026-04-01,Closures,45566,45774.166666666664,937066,4.862624404257544
Canada,2026-05-01,Openings,46122,45956.583333333336,936959,4.922520622567263
Canada,2026-05-01,Closures,46858,45910.333333333336,936959,5.001072618972655
Ontario,2021-06-01,Openings,17450,NA,337301,5.173420772544405
Ontario,2021-06-01,Closures,17700,NA,337301,5.247538548655355
Ontario,2021-07-01,Openings,20369,NA,343093,5.93687425858295
Ontario,2021-07-01,Closures,14090,NA,343093,4.106758225903763
Ontario,2021-08-01,Openings,16922,18301.916666666668,343574,4.925285382479466
Ontario,2021-08-01,Closures,16054,NA,343574,4.672646940688177
Ontario,2021-09-01,Openings,17370,18092.5,344919,5.035964965687596
Ontario,2021-09-01,Closures,16206,16006.25,344919,4.698494429126838
Ontario,2021-10-01,Openings,18092,17933.583333333332,347069,5.212796302752479
Ontario,2021-10-01,Closures,16015,16135.75,347069,4.614356223114136
Ontario,2021-11-01,Openings,18310,17892.416666666668,348678,5.251263343256529
Ontario,2021-11-01,Closures,16233,16175.666666666666,348678,4.655584808906784
Ontario,2021-12-01,Openings,17334,17745.916666666668,349460,4.960224346134035
Ontario,2021-12-01,Closures,17536,16398.666666666668,349460,5.018027814342128
Ontario,2022-01-01,Openings,18068,17749.833333333332,352270,5.129020353705964
Ontario,2022-01-01,Closures,16320,16414.333333333332,352270,4.632810060464984
Ontario,2022-02-01,Openings,19222,17851.416666666668,353021,5.4450018554137
Ontario,2022-02-01,Closures,18580,16577.5,353021,5.263142985828038
Ontario,2022-03-01,Openings,18310,17846.416666666668,354031,5.171863480881618
Ontario,2022-03-01,Closures,17485,16690,354031,4.938833040044516
Ontario,2022-04-01,Openings,18397,17968,355655,5.172709507809534
Ontario,2022-04-01,Closures,16395,16568.5,355655,4.6098044453192
Ontario,2022-05-01,Openings,17766,18134.166666666668,356576,4.982388046307099
Ontario,2022-05-01,Closures,17125,16644.916666666668,356576,4.802622722785605
Ontario,2022-06-01,Openings,17663,18151.916666666668,356550,4.9538634132660215
Ontario,2022-06-01,Closures,16401,16536.666666666668,356550,4.599915860328144
Ontario,2022-07-01,Openings,18309,17980.25,357016,5.128341586931678
Ontario,2022-07-01,Closures,17898,16854,357016,5.013220695991216
Ontario,2022-08-01,Openings,18213,18087.833333333332,357215,5.098610080763686
Ontario,2022-08-01,Closures,17659,16987.75,357215,4.943521408675448
Ontario,2022-09-01,Openings,17660,18112,357440,4.940689346463742
Ontario,2022-09-01,Closures,17265,17076,357440,4.830181289167413
Ontario,2022-10-01,Openings,17812,18088.666666666668,357377,4.984092429003546
Ontario,2022-10-01,Closures,18060,17246.416666666668,357377,5.053486933966092
Ontario,2022-11-01,Openings,17565,18026.583333333332,357153,4.918060327086711
Ontario,2022-11-01,Closures,17732,17371.333333333332,357153,4.964818999140425
Ontario,2022-12-01,Openings,17818,18066.916666666668,358295,4.972997111318885
Ontario,2022-12-01,Closures,16946,17322.166666666668,358295,4.729622238658089
Ontario,2023-01-01,Openings,18201,18078,360943,5.042624458709547
Ontario,2023-01-01,Closures,16659,17350.416666666668,360943,4.61541018942049
Ontario,2023-02-01,Openings,17453,17930.583333333332,360476,4.841653813291315
Ontario,2023-02-01,Closures,17928,17296.083333333332,360476,4.973424028229341
Ontario,2023-03-01,Openings,16513,17780.833333333332,358837,4.601810850051695
Ontario,2023-03-01,Closures,17883,17329.25,358837,4.983599796007658
Ontario,2023-04-01,Openings,18327,17775,358396,5.1136173394792355
Ontario,2023-04-01,Closures,18281,17486.416666666668,358396,5.10078237480329
Ontario,2023-05-01,Openings,18893,17868.916666666668,359967,5.248536671417102
Ontario,2023-05-01,Closures,17559,17522.583333333332,359967,4.877947145154972
Ontario,2023-06-01,Openings,18922,17973.833333333332,360724,5.245561703684812
Ontario,2023-06-01,Closures,17599,17622.416666666668,360724,4.878799303622714
Ontario,2023-07-01,Openings,16793,17847.5,360325,4.660514813016027
Ontario,2023-07-01,Closures,17252,17568.583333333332,360325,4.787899812669118
Ontario,2023-08-01,Openings,18396,17862.75,360892,5.097369850259911
Ontario,2023-08-01,Closures,17645,17567.416666666668,360892,4.889274353546213
Ontario,2023-09-01,Openings,18191,17907,360305,5.04877811853846
Ontario,2023-09-01,Closures,18389,17661.083333333332,360305,5.103731560761022
Ontario,2023-10-01,Openings,18094,17930.5,360487,5.0193210850876735
Ontario,2023-10-01,Closures,17897,17647.5,360487,4.964672789864822
Ontario,2023-11-01,Openings,17590,17932.583333333332,360722,4.8763313576660146
Ontario,2023-11-01,Closures,17555,17632.75,360722,4.866628594873615
Ontario,2023-12-01,Openings,18485,17988.166666666668,361029,5.120087306005889
Ontario,2023-12-01,Closures,18201,17737.333333333332,361029,5.041423265167064
Ontario,2024-01-01,Openings,18687,18028.666666666668,362436,5.155944773697977
Ontario,2024-01-01,Closures,17805,17832.833333333332,362436,4.912591464424064
Ontario,2024-02-01,Openings,18248,18094.916666666668,362372,5.035709160751935
Ontario,2024-02-01,Closures,18148,17851.166666666668,362372,5.008113209629883
Ontario,2024-03-01,Openings,18081,18225.583333333332,362547,4.987215450686393
Ontario,2024-03-01,Closures,17804,17844.583333333332,362547,4.91081156374208
Ontario,2024-04-01,Openings,18447,18235.583333333332,361874,5.09763066702775
Ontario,2024-04-01,Closures,18705,17879.916666666668,361874,5.168926200832334
Ontario,2024-05-01,Openings,18261,18182.916666666668,361951,5.04515804625488
Ontario,2024-05-01,Closures,18194,17932.833333333332,361951,5.026647253357499
Ontario,2024-06-01,Openings,18125,18116.5,360672,5.025341584597641
Ontario,2024-06-01,Closures,19140,18061.25,360672,5.306760713335108
Ontario,2024-07-01,Openings,17914,18209.916666666668,360930,4.963289280469898
Ontario,2024-07-01,Closures,17420,18075.25,360930,4.826420635580306
Ontario,2024-08-01,Openings,17706,18152.416666666668,360113,4.916790007580954
Ontario,2024-08-01,Closures,18839,18174.75,360113,5.231413472993199
Ontario,2024-09-01,Openings,19422,18255,360216,5.391764941035379
Ontario,2024-09-01,Closures,18775,18206.916666666668,360216,5.212150487485286
Ontario,2024-10-01,Openings,18973,18328.25,360539,5.26239879735618
Ontario,2024-10-01,Closures,18743,18277.416666666668,360539,5.198605421327512
Ontario,2024-11-01,Openings,19586,18494.583333333332,361848,5.412770002874135
Ontario,2024-11-01,Closures,18379,18346.083333333332,361848,5.079204527868055
Ontario,2024-12-01,Openings,19314,18563.666666666668,360790,5.353252584606003
Ontario,2024-12-01,Closures,20581,18544.416666666668,360790,5.7044263976274285
Ontario,2025-01-01,Openings,18192,18522.416666666668,360152,5.051200604189343
Ontario,2025-01-01,Closures,18927,18637.916666666668,360152,5.255281103534063
Ontario,2025-02-01,Openings,18538,18546.583333333332,359913,5.150689194333075
Ontario,2025-02-01,Closures,18544,18670.916666666668,359913,5.15235626387488
Ontario,2025-03-01,Openings,18648,18593.833333333332,359595,5.185834063321237
Ontario,2025-03-01,Closures,18728,18747.916666666668,359595,5.208081313700135
Ontario,2025-04-01,Openings,18756,18619.583333333332,359437,5.218160623419403
Ontario,2025-04-01,Closures,18390,18721.666666666668,359437,5.116334712341801
Ontario,2025-05-01,Openings,18928,18675.166666666668,359364,5.267082957669661
Ontario,2025-05-01,Closures,19011,18789.75,359364,5.290179316793001
Ontario,2025-06-01,Openings,18700,18723.083333333332,359512,5.2014953603774
Ontario,2025-06-01,Closures,18403,18728.333333333332,359512,5.118883375241995
Ontario,2025-07-01,Openings,19095,18821.5,359286,5.314707503214709
Ontario,2025-07-01,Closures,19250,18880.833333333332,359286,5.3578486219891674
Ontario,2025-08-01,Openings,18586,18894.833333333332,359120,5.175428826019158
Ontario,2025-08-01,Closures,19097,18902.333333333332,359120,5.317721096012475
Ontario,2025-09-01,Openings,18771,18840.583333333332,359297,5.224368697762576
Ontario,2025-09-01,Closures,17783,18819.666666666668,359297,4.949387275707841
Ontario,2025-10-01,Openings,17622,18728,358392,4.916962432197147
Ontario,2025-10-01,Closures,19461,18879.5,358392,5.430087725172437
Ontario,2025-11-01,Openings,19134,18690.333333333332,358166,5.3422156206898475
Ontario,2025-11-01,Closures,19818,18999.416666666668,358166,5.53318852152354
Ontario,2025-12-01,Openings,19212,18681.833333333332,357875,5.368354872511351
Ontario,2025-12-01,Closures,19387,18899.916666666668,357875,5.417254628012574
Ontario,2026-01-01,Openings,19252,18770.166666666668,357136,5.3906635007392145
Ontario,2026-01-01,Closures,19716,18965.666666666668,357136,5.520585995251109
Ontario,2026-02-01,Openings,19357,18838.416666666668,356948,5.4229187444669815
Ontario,2026-02-01,Closures,19360,19033.666666666668,356948,5.423759203021168
Ontario,2026-03-01,Openings,19578,18915.916666666668,356597,5.490231269472261
Ontario,2026-03-01,Closures,19656,19111,356597,5.51210470082474
Ontario,2026-04-01,Openings,19679,18992.833333333332,356897,5.5139157796226925
Ontario,2026-04-01,Closures,19064,19167.166666666668,356897,5.341597155481834
Ontario,2026-05-01,Openings,19225,19017.583333333332,356778,5.3885048966023685
Ontario,2026-05-01,Closures,19378,19197.75,356778,5.4313887067027675
Region,2021-06-01,Openings,561,NA,NA,NA
Region,2021-06-01,Closures,588,506.75,NA,NA
Region,2021-07-01,Openings,737,NA,13010,5.664873174481168
Region,2021-07-01,Closures,512,509.5,13010,3.93543428132206
Region,2021-08-01,Openings,587,615.4166666666666,13052,4.497395035243641
Region,2021-08-01,Closures,535,521.0833333333334,13052,4.098988660741649
Region,2021-09-01,Openings,598,613.4166666666666,13107,4.56244754711223
Region,2021-09-01,Closures,562,530.5833333333334,13107,4.287785152971694
Region,2021-10-01,Openings,606,610.5833333333334,13187,4.595434898005612
Region,2021-10-01,Closures,533,536.8333333333334,13187,4.041859406991734
Region,2021-11-01,Openings,607,611.4166666666666,13230,4.5880574452003025
Region,2021-11-01,Closures,586,538.6666666666666,13230,4.429327286470143
Region,2021-12-01,Openings,606,610.9166666666666,13282,4.562565878632736
Region,2021-12-01,Closures,576,548.6666666666666,13282,4.336696280680621
Region,2022-01-01,Openings,604,610.6666666666666,NA,NA
Region,2022-01-01,Closures,722,567,NA,NA
Region,2022-02-01,Openings,642,607.8333333333334,13062,4.915020670647681
Region,2022-02-01,Closures,591,572.5,13062,4.524575103353238
Region,2022-03-01,Openings,622,606.9166666666666,13139,4.733998021158384
Region,2022-03-01,Closures,573,575,13139,4.361062485729508
Region,2022-04-01,Openings,598,607,13182,4.536489151873767
Region,2022-04-01,Closures,562,573.4166666666666,13182,4.263389470490062
Region,2022-05-01,Openings,582,612.5,13216,4.403753026634383
Region,2022-05-01,Closures,586,577.1666666666666,13216,4.434019370460049
Region,2022-06-01,Openings,596,615.4166666666666,13268,4.492010853180585
Region,2022-06-01,Closures,486,568.6666666666666,13268,3.6629484473922216
Region,2022-07-01,Openings,640,607.3333333333334,13311,4.808053489595072
Region,2022-07-01,Closures,624,578,13311,4.6878521523551955
Region,2022-08-01,Openings,610,609.25,13303,4.585431857475757
Region,2022-08-01,Closures,625,585.5,13303,4.698188378561227
Region,2022-09-01,Openings,589,608.5,13309,4.425576677436322
Region,2022-09-01,Closures,613,589.75,13309,4.6059057780449315
Region,2022-10-01,Openings,610,608.8333333333334,13287,4.590953563633627
Region,2022-10-01,Closures,660,600.3333333333334,13287,4.967261232783924
Region,2022-11-01,Openings,604,608.5833333333334,13276,4.549563121422115
Region,2022-11-01,Closures,637,604.5833333333334,13276,4.798131967460079
Region,2022-12-01,Openings,587,607,13262,4.426180063338863
Region,2022-12-01,Closures,603,606.8333333333334,13262,4.546825516513346
Region,2023-01-01,Openings,641,610.0833333333334,13363,4.796827059791963
Region,2023-01-01,Closures,578,594.8333333333334,13363,4.32537603831475
Region,2023-02-01,Openings,596,606.25,13296,4.482551143200963
Region,2023-02-01,Closures,610,596.4166666666666,13296,4.5878459687123945
Region,2023-03-01,Openings,584,603.0833333333334,13287,4.395273575675472
Region,2023-03-01,Closures,596,598.3333333333334,13287,4.485587416271543
Region,2023-04-01,Openings,632,605.9166666666666,13306,4.749736960769577
Region,2023-04-01,Closures,606,602,13306,4.554336389598677
Region,2023-05-01,Openings,637,610.5,13360,4.767964071856287
Region,2023-05-01,Closures,580,601.5,13360,4.341317365269461
Region,2023-06-01,Openings,647,614.75,13373,4.838106632767516
Region,2023-06-01,Closures,589,610.0833333333334,13373,4.404396919165483
Region,2023-07-01,Openings,586,610.25,13365,4.384586606808829
Region,2023-07-01,Closures,614,609.25,13365,4.594089038533483
Region,2023-08-01,Openings,614,610.5833333333334,13398,4.582773548290789
Region,2023-08-01,Closures,551,603.0833333333334,13398,4.112554112554113
Region,2023-09-01,Openings,643,615.0833333333334,13381,4.805320977505418
Region,2023-09-01,Closures,681,608.75,13381,5.0893057320080715
Region,2023-10-01,Openings,608,614.9166666666666,13373,4.546474239138563
Region,2023-10-01,Closures,608,604.4166666666666,13373,4.546474239138563
Region,2023-11-01,Openings,555,610.8333333333334,13344,4.159172661870503
Region,2023-11-01,Closures,584,600,13344,4.376498800959232
Region,2023-12-01,Openings,648,615.9166666666666,13398,4.83654276757725
Region,2023-12-01,Closures,621,601.5,13398,4.635020152261531
Region,2024-01-01,Openings,686,619.6666666666666,13503,5.080352514256091
Region,2024-01-01,Closures,611,604.25,13503,4.524920388061912
Region,2024-02-01,Openings,637,623.0833333333334,13408,4.750894988066825
Region,2024-02-01,Closures,649,607.5,13408,4.840393794749404
Region,2024-03-01,Openings,623,626.3333333333334,13392,4.6520310633213855
Region,2024-03-01,Closures,625,609.9166666666666,13392,4.666965352449223
Region,2024-04-01,Openings,632,626.3333333333334,13383,4.722409026376747
Region,2024-04-01,Closures,642,612.9166666666666,13383,4.797130688186505
Region,2024-05-01,Openings,639,626.5,13385,4.774000747104968
Region,2024-05-01,Closures,632,617.25,13385,4.721703399327605
Region,2024-06-01,Openings,624,624.5833333333334,13383,4.66263169692894
Region,2024-06-01,Closures,602,618.3333333333334,13383,4.498244040947471
Region,2024-07-01,Openings,563,622.6666666666666,13355,4.215649569449644
Region,2024-07-01,Closures,612,618.1666666666666,13355,4.582553350804941
Region,2024-08-01,Openings,635,624.4166666666666,13348,4.757267006293078
Region,2024-08-01,Closures,627,624.5,13348,4.6973329337728496
Region,2024-09-01,Openings,627,623.0833333333334,13324,4.705794055839087
Region,2024-09-01,Closures,661,622.8333333333334,13324,4.960972680876614
Region,2024-10-01,Openings,659,627.3333333333334,13303,4.953769826354957
Region,2024-10-01,Closures,677,628.5833333333334,13303,5.089077651657521
Region,2024-11-01,Openings,695,639,13345,5.207943049831398
Region,2024-11-01,Closures,644,633.5833333333334,13345,4.825777444735857
Region,2024-12-01,Openings,679,641.5833333333334,13386,5.072463768115942
Region,2024-12-01,Closures,692,639.5,13386,5.169580158374421
Region,2025-01-01,Openings,644,638.0833333333334,13304,4.840649428743235
Region,2025-01-01,Closures,695,646.5,13304,5.223992784125075
Region,2025-02-01,Openings,644,638.6666666666666,13300,4.842105263157895
Region,2025-02-01,Closures,613,643.5,13300,4.609022556390977
Region,2025-03-01,Openings,657,641.5,13277,4.948407019658055
Region,2025-03-01,Closures,665,646.8333333333334,13277,5.0086615952398885
Region,2025-04-01,Openings,637,641.9166666666666,13280,4.796686746987952
Region,2025-04-01,Closures,638,646.5,13280,4.804216867469879
Region,2025-05-01,Openings,659,643.5833333333334,13278,4.963096851935533
Region,2025-05-01,Closures,663,649.0833333333334,13278,4.993221870763669
Region,2025-06-01,Openings,668,647.25,13280,5.03012048192771
Region,2025-06-01,Closures,671,654.8333333333334,13280,5.052710843373494
Region,2025-07-01,Openings,701,658.75,13318,5.263553086048956
Region,2025-07-01,Closures,669,659.5833333333334,13318,5.023276768283526
Region,2025-08-01,Openings,691,663.4166666666666,13309,5.191975355022917
Region,2025-08-01,Closures,697,665.4166666666666,13309,5.2370576301750695
Region,2025-09-01,Openings,676,667.5,13339,5.067846165379714
Region,2025-09-01,Closures,653,664.75,13339,4.895419446735137
Region,2025-10-01,Openings,665,668,13352,4.9805272618334335
Region,2025-10-01,Closures,646,662.1666666666666,13352,4.838226482923907
Region,2025-11-01,Openings,653,664.5,13316,4.903875037548813
Region,2025-11-01,Closures,703,667.0833333333334,13316,5.2793631721237615
Region,2025-12-01,Openings,660,662.9166666666666,13334,4.949752512374381
Region,2025-12-01,Closures,664,664.75,13334,4.979751012449377
Region,2026-01-01,Openings,599,659.1666666666666,13307,4.501390245735328
Region,2026-01-01,Closures,640,660.1666666666666,13307,4.809498760051101
Region,2026-02-01,Openings,662,660.6666666666666,13266,4.990200512588572
Region,2026-02-01,Closures,668,664.75,13266,5.035428916025931
Region,2026-03-01,Openings,690,663.4166666666666,13232,5.214631197097944
Region,2026-03-01,Closures,693,667.0833333333334,13232,5.237303506650544
Region,2026-04-01,Openings,712,669.6666666666666,13278,5.362253351408345
Region,2026-04-01,Closures,665,669.3333333333334,13278,5.008284380177738
Region,2026-05-01,Openings,673,670.8333333333334,13270,5.071590052750565
Region,2026-05-01,Closures,683,671,13270,5.146948003014318
