geo,date,dwelling_type,starts,average_12
Canada,2021-09-01,All,18584,20131.027777777777
Canada,2021-09-01,Single,7213,5286.666666666667
Canada,2021-09-01,Semi-detached,1083,1012.4166666666666
Canada,2021-09-01,Row,2632,2217.8333333333335
Canada,2021-09-01,Apartment,12459,11518.5
Canada,2021-10-01,All,17802.916666666668,20170.82638888889
Canada,2021-10-01,Single,4508,5282.916666666667
Canada,2021-10-01,Semi-detached,808,999.25
Canada,2021-10-01,Row,2336,2267.3333333333335
Canada,2021-10-01,Apartment,9854,11560
Canada,2021-11-01,All,23464.416666666668,20463.902777777777
Canada,2021-11-01,Single,4460,5283.916666666667
Canada,2021-11-01,Semi-detached,914,986.0833333333334
Canada,2021-11-01,Row,2509,2273.4166666666665
Canada,2021-11-01,Apartment,15156,11857.166666666666
Canada,2021-12-01,All,18649.5,20495.083333333336
Canada,2021-12-01,Single,6154,5304.25
Canada,2021-12-01,Semi-detached,1087,967.6666666666666
Canada,2021-12-01,Row,2379,2287.4166666666665
Canada,2021-12-01,Apartment,11640,11828.25
Canada,2022-01-01,All,16950.583333333332,20098.319444444445
Canada,2022-01-01,Single,2603,5247.333333333333
Canada,2022-01-01,Semi-detached,532,958.6666666666666
Canada,2022-01-01,Row,1383,2285.8333333333335
Canada,2022-01-01,Apartment,7705,11598.5
Canada,2022-02-01,All,18710.5,20038.381944444445
Canada,2022-02-01,Single,2984,5214.166666666667
Canada,2022-02-01,Semi-detached,656,962.9166666666666
Canada,2022-02-01,Row,1314,2273.5
Canada,2022-02-01,Apartment,9520,11654.666666666666
Canada,2022-03-01,All,18529.75,19562.01388888889
Canada,2022-03-01,Single,5021,5137.083333333333
Canada,2022-03-01,Semi-detached,984,944.1666666666666
Canada,2022-03-01,Row,2270,2234.5833333333335
Canada,2022-03-01,Apartment,10125,11285.333333333334
Canada,2022-04-01,All,20461.416666666668,19574.909722222223
Canada,2022-04-01,Single,4810,5084.333333333333
Canada,2022-04-01,Semi-detached,1116,920.8333333333334
Canada,2022-04-01,Row,2823,2296.9166666666665
Canada,2022-04-01,Apartment,10679,11310.083333333334
Canada,2022-05-01,All,21813.166666666664,19641.972222222223
Canada,2022-05-01,Single,4813,5066.75
Canada,2022-05-01,Semi-detached,994,924.0833333333334
Canada,2022-05-01,Row,2714,2339.4166666666665
Canada,2022-05-01,Apartment,12777,11370.416666666666
Canada,2022-06-01,All,21311.25,19659.76388888889
Canada,2022-06-01,Single,7658,5036.5
Canada,2022-06-01,Semi-detached,1161,908.75
Canada,2022-06-01,Row,3006,2337.25
Canada,2022-06-01,Apartment,15174,11397.666666666666
Canada,2022-07-01,All,21170.916666666668,19720.902777777777
Canada,2022-07-01,Single,4867,4992.333333333333
Canada,2022-07-01,Semi-detached,728,897.4166666666666
Canada,2022-07-01,Row,2218,2314.75
Canada,2022-07-01,Apartment,12511,11495.75
Canada,2022-08-01,All,20348.083333333332,19816.375
Canada,2022-08-01,Single,4710,4983.416666666667
Canada,2022-08-01,Semi-detached,685,895.6666666666666
Canada,2022-08-01,Row,2957,2378.4166666666665
Canada,2022-08-01,Apartment,10663,11521.916666666666
Canada,2022-09-01,All,22718.333333333332,20160.902777777777
Canada,2022-09-01,Single,7371,4996.583333333333
Canada,2022-09-01,Semi-detached,1268,911.0833333333334
Canada,2022-09-01,Row,3244,2429.4166666666665
Canada,2022-09-01,Apartment,15998,11816.833333333334
Canada,2022-10-01,All,19961.916666666668,20340.819444444445
Canada,2022-10-01,Single,4083,4961.166666666667
Canada,2022-10-01,Semi-detached,654,898.25
Canada,2022-10-01,Row,2191,2417.3333333333335
Canada,2022-10-01,Apartment,12580,12044
Canada,2022-11-01,All,19745.916666666668,20030.944444444445
Canada,2022-11-01,Single,3877,4912.583333333333
Canada,2022-11-01,Semi-detached,666,877.5833333333334
Canada,2022-11-01,Row,2431,2410.8333333333335
Canada,2022-11-01,Apartment,12593,11830.416666666666
Canada,2022-12-01,All,19234.333333333332,20079.680555555555
Canada,2022-12-01,Single,4871,4805.666666666667
Canada,2022-12-01,Semi-detached,878,860.1666666666666
Canada,2022-12-01,Row,2176,2393.9166666666665
Canada,2022-12-01,Apartment,13923,12020.666666666666
Canada,2023-01-01,All,15431.5,19953.090277777777
Canada,2023-01-01,Single,2062,4760.583333333333
Canada,2023-01-01,Semi-detached,454,853.6666666666666
Canada,2023-01-01,Row,1348,2391
Canada,2023-01-01,Apartment,8527,12089.166666666666
Canada,2023-02-01,All,18849.25,19964.652777777777
Canada,2023-02-01,Single,2457,4716.666666666667
Canada,2023-02-01,Semi-detached,594,848.5
Canada,2023-02-01,Row,1618,2416.3333333333335
Canada,2023-02-01,Apartment,10328,12156.5
Canada,2023-03-01,All,16100.416666666666,19762.208333333332
Canada,2023-03-01,Single,3413,4582.666666666667
Canada,2023-03-01,Semi-detached,660,821.5
Canada,2023-03-01,Row,1955,2390.0833333333335
Canada,2023-03-01,Apartment,10439,12182.666666666666
Canada,2023-04-01,All,20018.583333333332,19725.305555555555
Canada,2023-04-01,Single,2868,4420.833333333333
Canada,2023-04-01,Semi-detached,624,780.5
Canada,2023-04-01,Row,1745,2300.25
Canada,2023-04-01,Apartment,13951,12455.333333333334
Canada,2023-05-01,All,14777.833333333334,19139.027777777777
Canada,2023-05-01,Single,3188,4285.416666666667
Canada,2023-05-01,Semi-detached,818,765.8333333333334
Canada,2023-05-01,Row,1923,2234.3333333333335
Canada,2023-05-01,Apartment,8418,12092.083333333334
Canada,2023-06-01,All,22189.416666666668,19212.208333333332
Canada,2023-06-01,Single,5486,4104.416666666667
Canada,2023-06-01,Semi-detached,997,752.1666666666666
Canada,2023-06-01,Row,2385,2182.5833333333335
Canada,2023-06-01,Apartment,17181,12259.333333333334
Canada,2023-07-01,All,19804.75,19098.36111111111
Canada,2023-07-01,Single,3364,3979.1666666666665
Canada,2023-07-01,Semi-detached,646,745.3333333333334
Canada,2023-07-01,Row,2058,2169.25
Canada,2023-07-01,Apartment,13066,12305.583333333334
Canada,2023-08-01,All,19614,19037.1875
Canada,2023-08-01,Single,3239,3856.5833333333335
Canada,2023-08-01,Semi-detached,696,746.25
Canada,2023-08-01,Row,2266,2111.6666666666665
Canada,2023-08-01,Apartment,11952,12413
Canada,2023-09-01,All,21129.916666666668,18904.819444444445
Canada,2023-09-01,Single,5434,3695.1666666666665
Canada,2023-09-01,Semi-detached,1050,728.0833333333334
Canada,2023-09-01,Row,2492,2049
Canada,2023-09-01,Apartment,16083,12420.083333333334
Canada,2023-10-01,All,21036.666666666668,18994.381944444445
Canada,2023-10-01,Single,3617,3656.3333333333335
Canada,2023-10-01,Semi-detached,695,731.5
Canada,2023-10-01,Row,1938,2027.9166666666667
Canada,2023-10-01,Apartment,14431,12574.333333333334
Canada,2023-11-01,All,15932.75,18676.618055555555
Canada,2023-11-01,Single,3275,3606.1666666666665
Canada,2023-11-01,Semi-detached,606,726.5
Canada,2023-11-01,Row,2241,2012.0833333333333
Canada,2023-11-01,Apartment,9503,12316.833333333334
Canada,2023-12-01,All,19859.416666666668,18728.708333333332
Canada,2023-12-01,Single,4630,3586.0833333333335
Canada,2023-12-01,Semi-detached,834,722.8333333333334
Canada,2023-12-01,Row,2190,2013.25
Canada,2023-12-01,Apartment,14059,12328.166666666666
Canada,2024-01-01,All,17092.583333333332,18867.131944444445
Canada,2024-01-01,Single,2047,3584.8333333333335
Canada,2024-01-01,Semi-detached,456,723
Canada,2024-01-01,Row,1305,2009.6666666666667
Canada,2024-01-01,Apartment,10183,12466.166666666666
Canada,2024-02-01,All,20093.166666666668,18970.791666666668
Canada,2024-02-01,Single,2121,3556.8333333333335
Canada,2024-02-01,Semi-detached,554,719.6666666666666
Canada,2024-02-01,Row,1196,1974.5
Canada,2024-02-01,Apartment,12767,12669.416666666666
Canada,2024-03-01,All,18411.5,19163.381944444445
Canada,2024-03-01,Single,3351,3551.6666666666665
Canada,2024-03-01,Semi-detached,852,735.6666666666666
Canada,2024-03-01,Row,1859,1966.5
Canada,2024-03-01,Apartment,12877,12872.583333333334
Canada,2024-04-01,All,18475,19034.75
Canada,2024-04-01,Single,2885,3553.0833333333335
Canada,2024-04-01,Semi-detached,744,745.6666666666666
Canada,2024-04-01,Row,1778,1969.25
Canada,2024-04-01,Apartment,11700,12685
Canada,2024-05-01,All,20075.25,19476.20138888889
Canada,2024-05-01,Single,3410,3571.5833333333335
Canada,2024-05-01,Semi-detached,826,746.3333333333334
Canada,2024-05-01,Row,1858,1963.8333333333333
Canada,2024-05-01,Apartment,14219,13168.416666666666
Canada,2024-06-01,All,19028.166666666668,19212.76388888889
Canada,2024-06-01,Single,5371,3562
Canada,2024-06-01,Semi-detached,1091,754.1666666666666
Canada,2024-06-01,Row,2962,2011.9166666666667
Canada,2024-06-01,Apartment,14186,12918.833333333334
Canada,2024-07-01,All,21931.333333333332,19389.979166666668
Canada,2024-07-01,Single,3630,3584.1666666666665
Canada,2024-07-01,Semi-detached,826,769.1666666666666
Canada,2024-07-01,Row,1987,2006
Canada,2024-07-01,Apartment,14487,13037.25
Canada,2024-08-01,All,16872.833333333332,19161.54861111111
Canada,2024-08-01,Single,3697,3622.3333333333335
Canada,2024-08-01,Semi-detached,726,771.6666666666666
Canada,2024-08-01,Row,2148,1996.1666666666667
Canada,2024-08-01,Apartment,8846,12778.416666666666
Canada,2024-09-01,All,17852.333333333332,18888.416666666668
Canada,2024-09-01,Single,5593,3635.5833333333335
Canada,2024-09-01,Semi-detached,884,757.8333333333334
Canada,2024-09-01,Row,2537,1999.9166666666667
Canada,2024-09-01,Apartment,13078,12528
Canada,2024-10-01,All,18443,18672.277777777777
Canada,2024-10-01,Single,3683,3641.0833333333335
Canada,2024-10-01,Semi-detached,782,765.0833333333334
Canada,2024-10-01,Row,2027,2007.3333333333333
Canada,2024-10-01,Apartment,11334,12269.916666666666
Canada,2024-11-01,All,20236.416666666668,19030.916666666668
Canada,2024-11-01,Single,4020,3703.1666666666665
Canada,2024-11-01,Semi-detached,769,778.6666666666666
Canada,2024-11-01,Row,2352,2016.5833333333333
Canada,2024-11-01,Apartment,13470,12600.5
Canada,2024-12-01,All,17896.5,18867.340277777777
Canada,2024-12-01,Single,4636,3703.6666666666665
Canada,2024-12-01,Semi-detached,944,787.8333333333334
Canada,2024-12-01,Row,2436,2037.0833333333333
Canada,2024-12-01,Apartment,12481,12469
Canada,2025-01-01,All,18358.083333333332,18972.79861111111
Canada,2025-01-01,Single,2168,3713.75
Canada,2025-01-01,Semi-detached,622,801.6666666666666
Canada,2025-01-01,Row,1507,2053.9166666666665
Canada,2025-01-01,Apartment,10641,12507.166666666666
Canada,2025-02-01,All,17440.75,18751.76388888889
Canada,2025-02-01,Single,2186,3719.1666666666665
Canada,2025-02-01,Semi-detached,560,802.1666666666666
Canada,2025-02-01,Row,1704,2096.25
Canada,2025-02-01,Apartment,8987,12192.166666666666
Canada,2025-03-01,All,16854.083333333332,18621.979166666668
Canada,2025-03-01,Single,3182,3705.0833333333335
Canada,2025-03-01,Semi-detached,812,798.8333333333334
Canada,2025-03-01,Row,1788,2090.3333333333335
Canada,2025-03-01,Apartment,11270,12058.25
Canada,2025-04-01,All,21774.416666666668,18896.930555555555
Canada,2025-04-01,Single,3372,3745.6666666666665
Canada,2025-04-01,Semi-detached,988,819.1666666666666
Canada,2025-04-01,Row,1818,2093.6666666666665
Canada,2025-04-01,Apartment,14245,12270.333333333334
Canada,2025-05-01,All,21474.416666666664,19013.527777777777
Canada,2025-05-01,Single,3409,3745.5833333333335
Canada,2025-05-01,Semi-detached,920,827
Canada,2025-05-01,Row,1840,2092.1666666666665
Canada,2025-05-01,Apartment,16159,12432
Canada,2025-06-01,All,21900.083333333332,19252.854166666664
Canada,2025-06-01,Single,5167,3728.5833333333335
Canada,2025-06-01,Semi-detached,1251,840.3333333333334
Canada,2025-06-01,Row,2832,2081.3333333333335
Canada,2025-06-01,Apartment,17152,12679.166666666666
Canada,2025-07-01,All,22518,19301.743055555555
Canada,2025-07-01,Single,3550,3721.9166666666665
Canada,2025-07-01,Semi-detached,986,853.6666666666666
Canada,2025-07-01,Row,1760,2062.4166666666665
Canada,2025-07-01,Apartment,15530,12766.083333333334
Canada,2025-08-01,All,18311.416666666668,19421.625
Canada,2025-08-01,Single,3267,3686.0833333333335
Canada,2025-08-01,Semi-detached,753,855.9166666666666
Canada,2025-08-01,Row,1973,2047.8333333333333
Canada,2025-08-01,Apartment,10921,12939
Canada,2025-09-01,All,21370,19714.76388888889
Canada,2025-09-01,Single,5014,3637.8333333333335
Canada,2025-09-01,Semi-detached,1110,874.75
Canada,2025-09-01,Row,2135,2014.3333333333333
Canada,2025-09-01,Apartment,16787,13248.083333333334
Canada,2025-10-01,All,18184.833333333332,19693.25
Canada,2025-10-01,Single,3437,3617.3333333333335
Canada,2025-10-01,Semi-detached,896,884.25
Canada,2025-10-01,Row,1856,2000.0833333333333
Canada,2025-10-01,Apartment,11473,13259.666666666666
Canada,2025-11-01,All,20039.5,19676.840277777777
Canada,2025-11-01,Single,3170,3546.5
Canada,2025-11-01,Semi-detached,951,899.4166666666666
Canada,2025-11-01,Row,2227,1989.6666666666667
Canada,2025-11-01,Apartment,14037,13306.916666666666
Canada,2025-12-01,All,22481.666666666668,20058.9375
Canada,2025-12-01,Single,4029,3495.9166666666665
Canada,2025-12-01,Semi-detached,950,899.9166666666666
Canada,2025-12-01,Row,2310,1979.1666666666667
Canada,2025-12-01,Apartment,17850,13754.333333333334
Canada,2026-01-01,All,18676.666666666668,20085.48611111111
Canada,2026-01-01,Single,2023,3483.8333333333335
Canada,2026-01-01,Semi-detached,606,898.5833333333334
Canada,2026-01-01,Row,1267,1959.1666666666667
Canada,2026-01-01,Apartment,11039,13787.5
Canada,2026-02-01,All,19723.666666666668,20275.729166666668
Canada,2026-02-01,Single,1931,3462.5833333333335
Canada,2026-02-01,Semi-detached,566,899.0833333333334
Canada,2026-02-01,Row,1469,1939.5833333333333
Canada,2026-02-01,Apartment,10795,13938.166666666666
Canada,2026-03-01,All,18985.5,20453.347222222223
Canada,2026-03-01,Single,3097,3455.5
Canada,2026-03-01,Semi-detached,772,895.75
Canada,2026-03-01,Row,1980,1955.5833333333333
Canada,2026-03-01,Apartment,13776,14147
Canada,2026-04-01,All,21685.25,20445.916666666668
Canada,2026-04-01,Single,2604,3391.5
Canada,2026-04-01,Semi-detached,846,883.9166666666666
Canada,2026-04-01,Row,1735,1948.6666666666667
Canada,2026-04-01,Apartment,15011,14210.833333333334
Canada,2026-05-01,All,20199.083333333332,20339.63888888889
Canada,2026-05-01,Single,3375,3388.6666666666665
Canada,2026-05-01,Semi-detached,886,881.0833333333334
Canada,2026-05-01,Row,1556,1925
Canada,2026-05-01,Apartment,15043,14117.833333333334
Canada,2026-06-01,All,19093.583333333332,20105.76388888889
Canada,2026-06-01,Single,4721,3351.5
Canada,2026-06-01,Semi-detached,1179,875.0833333333334
Canada,2026-06-01,Row,2439,1892.25
Canada,2026-06-01,Apartment,14630,13907.666666666666
Canada,2026-07-01,All,18170.166666666668,19743.444444444445
Canada,2026-07-01,Single,3246,3326.1666666666665
Canada,2026-07-01,Semi-detached,806,860.0833333333334
Canada,2026-07-01,Row,2152,1924.9166666666667
Canada,2026-07-01,Apartment,11220,13548.5
Canada,2026-08-01,All,18151.833333333332,19730.145833333332
Canada,2026-08-01,Single,3544,3349.25
Canada,2026-08-01,Semi-detached,962,877.5
Canada,2026-08-01,Row,1716,1903.5
Canada,2026-08-01,Apartment,10231,13491
Ontario,2021-09-01,All,7609.5,7470.354166666667
Ontario,2021-09-01,Single,2738,2167.9166666666665
Ontario,2021-09-01,Semi-detached,265,250
Ontario,2021-09-01,Row,1434,1193.6666666666667
Ontario,2021-09-01,Apartment,4636,3837.25
Ontario,2021-10-01,All,6435.916666666667,7423.736111111111
Ontario,2021-10-01,Single,1727,2135.4166666666665
Ontario,2021-10-01,Semi-detached,198,245.33333333333334
Ontario,2021-10-01,Row,1297,1228.9166666666667
Ontario,2021-10-01,Apartment,3052,3799.5833333333335
Ontario,2021-11-01,All,10513.916666666666,7728.041666666667
Ontario,2021-11-01,Single,1943,2134.0833333333335
Ontario,2021-11-01,Semi-detached,228,232.08333333333334
Ontario,2021-11-01,Row,1523,1228.8333333333333
Ontario,2021-11-01,Apartment,6838,4100.916666666667
Ontario,2021-12-01,All,5777.916666666667,7719.270833333333
Ontario,2021-12-01,Single,2427,2146.25
Ontario,2021-12-01,Semi-detached,223,219.91666666666666
Ontario,2021-12-01,Row,1307,1248.4166666666667
Ontario,2021-12-01,Apartment,2670,4075.75
Ontario,2022-01-01,All,5031.833333333333,7511.256944444444
Ontario,2022-01-01,Single,1130,2145.5833333333335
Ontario,2022-01-01,Semi-detached,150,218.08333333333334
Ontario,2022-01-01,Row,710,1263.3333333333333
Ontario,2022-01-01,Apartment,1331,3857.1666666666665
Ontario,2022-02-01,All,8187.416666666667,7657.638888888889
Ontario,2022-02-01,Single,1128,2122.5
Ontario,2022-02-01,Semi-detached,168,223.16666666666666
Ontario,2022-02-01,Row,653,1269.75
Ontario,2022-02-01,Apartment,4817,4036.8333333333335
Ontario,2022-03-01,All,6833.5,7431.423611111111
Ontario,2022-03-01,Single,2011,2072.5
Ontario,2022-03-01,Semi-detached,220,223.83333333333334
Ontario,2022-03-01,Row,1241,1239.0833333333333
Ontario,2022-03-01,Apartment,3470,3890.6666666666665
Ontario,2022-04-01,All,6366.666666666667,7260
Ontario,2022-04-01,Single,1614,2025.5833333333333
Ontario,2022-04-01,Semi-detached,181,209.25
Ontario,2022-04-01,Row,1646,1297.4166666666667
Ontario,2022-04-01,Apartment,2181,3748.75
Ontario,2022-05-01,All,7210.083333333333,7214.125
Ontario,2022-05-01,Single,1767,1997.5833333333333
Ontario,2022-05-01,Semi-detached,192,207.16666666666666
Ontario,2022-05-01,Row,1529,1322
Ontario,2022-05-01,Apartment,3594,3724.1666666666665
Ontario,2022-06-01,All,7769.166666666667,7286.694444444444
Ontario,2022-06-01,Single,2619,1970.25
Ontario,2022-06-01,Semi-detached,235,201.66666666666666
Ontario,2022-06-01,Row,1829,1331.1666666666667
Ontario,2022-06-01,Apartment,4417,3785.1666666666665
Ontario,2022-07-01,All,7701.166666666667,7300.263888888889
Ontario,2022-07-01,Single,1903,1936.25
Ontario,2022-07-01,Semi-detached,134,195.33333333333334
Ontario,2022-07-01,Row,1296,1323.6666666666667
Ontario,2022-07-01,Apartment,4343,3832.3333333333335
Ontario,2022-08-01,All,8043.25,7290.027777777777
Ontario,2022-08-01,Single,2069,1923
Ontario,2022-08-01,Semi-detached,193,198.91666666666666
Ontario,2022-08-01,Row,1994,1371.5833333333333
Ontario,2022-08-01,Apartment,4100,3787.4166666666665
Ontario,2022-09-01,All,10809.750000000002,7556.715277777778
Ontario,2022-09-01,Single,2683,1918.4166666666667
Ontario,2022-09-01,Semi-detached,280,200.16666666666666
Ontario,2022-09-01,Row,1753,1398.1666666666667
Ontario,2022-09-01,Apartment,7719,4044.3333333333335
Ontario,2022-10-01,All,7208.666666666667,7621.111111111111
Ontario,2022-10-01,Single,1651,1912.0833333333333
Ontario,2022-10-01,Semi-detached,104,192.33333333333334
Ontario,2022-10-01,Row,1200,1390.0833333333333
Ontario,2022-10-01,Apartment,3845,4110.416666666667
Ontario,2022-11-01,All,8081,7418.368055555556
Ontario,2022-11-01,Single,1736,1894.8333333333333
Ontario,2022-11-01,Semi-detached,104,182
Ontario,2022-11-01,Row,1626,1398.6666666666667
Ontario,2022-11-01,Apartment,4800,3940.5833333333335
Ontario,2022-12-01,All,8696.583333333334,7661.590277777778
Ontario,2022-12-01,Single,1914,1852.0833333333333
Ontario,2022-12-01,Semi-detached,226,182.25
Ontario,2022-12-01,Row,1193,1389.1666666666667
Ontario,2022-12-01,Apartment,6186,4233.583333333333
Ontario,2023-01-01,All,5839.75,7728.916666666667
Ontario,2023-01-01,Single,874,1830.75
Ontario,2023-01-01,Semi-detached,98,177.91666666666666
Ontario,2023-01-01,Row,694,1387.8333333333333
Ontario,2023-01-01,Apartment,2914,4365.5
Ontario,2023-02-01,All,7996.666666666667,7713.020833333334
Ontario,2023-02-01,Single,1035,1823
Ontario,2023-02-01,Semi-detached,122,174.08333333333334
Ontario,2023-02-01,Row,763,1397
Ontario,2023-02-01,Apartment,4851,4368.333333333333
Ontario,2023-03-01,All,6198.833333333333,7660.131944444444
Ontario,2023-03-01,Single,1355,1768.3333333333333
Ontario,2023-03-01,Semi-detached,140,167.41666666666666
Ontario,2023-03-01,Row,1100,1385.25
Ontario,2023-03-01,Apartment,3596,4378.833333333333
Ontario,2023-04-01,All,9014,7880.743055555556
Ontario,2023-04-01,Single,896,1708.5
Ontario,2023-04-01,Semi-detached,66,157.83333333333334
Ontario,2023-04-01,Row,920,1324.75
Ontario,2023-04-01,Apartment,6646,4750.916666666667
Ontario,2023-05-01,All,5554.75,7742.798611111111
Ontario,2023-05-01,Single,1132,1655.5833333333333
Ontario,2023-05-01,Semi-detached,106,150.66666666666666
Ontario,2023-05-01,Row,1083,1287.5833333333333
Ontario,2023-05-01,Apartment,3080,4708.083333333333
Ontario,2023-06-01,All,9763.583333333334,7909
Ontario,2023-06-01,Single,1899,1595.5833333333333
Ontario,2023-06-01,Semi-detached,244,151.41666666666666
Ontario,2023-06-01,Row,1193,1234.5833333333333
Ontario,2023-06-01,Apartment,7402,4956.833333333333
Ontario,2023-07-01,All,7962.25,7930.756944444444
Ontario,2023-07-01,Single,1218,1538.5
Ontario,2023-07-01,Semi-detached,104,148.91666666666666
Ontario,2023-07-01,Row,1260,1231.5833333333333
Ontario,2023-07-01,Apartment,5355,5041.166666666667
Ontario,2023-08-01,All,6703.166666666667,7819.083333333334
Ontario,2023-08-01,Single,1082,1456.25
Ontario,2023-08-01,Semi-detached,172,147.16666666666666
Ontario,2023-08-01,Row,1313,1174.8333333333333
Ontario,2023-08-01,Apartment,4266,5055
Ontario,2023-09-01,All,8227.833333333334,7603.923611111111
Ontario,2023-09-01,Single,1766,1379.8333333333333
Ontario,2023-09-01,Semi-detached,214,141.66666666666666
Ontario,2023-09-01,Row,1454,1149.9166666666667
Ontario,2023-09-01,Apartment,5882,4901.916666666667
Ontario,2023-10-01,All,8197.333333333334,7686.3125
Ontario,2023-10-01,Single,1290,1349.75
Ontario,2023-10-01,Semi-detached,131,143.91666666666666
Ontario,2023-10-01,Row,893,1124.3333333333333
Ontario,2023-10-01,Apartment,5765,5061.916666666667
Ontario,2023-11-01,All,4996.333333333333,7429.256944444444
Ontario,2023-11-01,Single,1115,1298
Ontario,2023-11-01,Semi-detached,134,146.41666666666666
Ontario,2023-11-01,Row,1203,1089.0833333333333
Ontario,2023-11-01,Apartment,2803,4895.5
Ontario,2023-12-01,All,5663.916666666667,7176.534722222223
Ontario,2023-12-01,Single,1427,1257.4166666666667
Ontario,2023-12-01,Semi-detached,118,137.41666666666666
Ontario,2023-12-01,Row,908,1065.3333333333333
Ontario,2023-12-01,Apartment,3688,4687.333333333333
Ontario,2024-01-01,All,6610.916666666667,7240.798611111111
Ontario,2024-01-01,Single,614,1235.75
Ontario,2024-01-01,Semi-detached,36,132.25
Ontario,2024-01-01,Row,616,1058.8333333333333
Ontario,2024-01-01,Apartment,4367,4808.416666666667
Ontario,2024-02-01,All,7147.166666666667,7170.006944444444
Ontario,2024-02-01,Single,551,1195.4166666666667
Ontario,2024-02-01,Semi-detached,80,128.75
Ontario,2024-02-01,Row,476,1034.9166666666667
Ontario,2024-02-01,Apartment,5171,4835.083333333333
Ontario,2024-03-01,All,5859.916666666667,7141.763888888889
Ontario,2024-03-01,Single,1017,1167.25
Ontario,2024-03-01,Semi-detached,138,128.58333333333334
Ontario,2024-03-01,Row,915,1019.5
Ontario,2024-03-01,Apartment,3679,4842
Ontario,2024-04-01,All,5956.166666666667,6886.944444444444
Ontario,2024-04-01,Single,827,1161.5
Ontario,2024-04-01,Semi-detached,122,133.25
Ontario,2024-04-01,Row,741,1004.5833333333334
Ontario,2024-04-01,Apartment,3618,4589.666666666667
Ontario,2024-05-01,All,7090.583333333333,7014.930555555556
Ontario,2024-05-01,Single,969,1147.9166666666667
Ontario,2024-05-01,Semi-detached,158,137.58333333333334
Ontario,2024-05-01,Row,1063,1002.9166666666666
Ontario,2024-05-01,Apartment,4587,4715.25
Ontario,2024-06-01,All,5378.416666666667,6649.5
Ontario,2024-06-01,Single,1522,1116.5
Ontario,2024-06-01,Semi-detached,140,128.91666666666666
Ontario,2024-06-01,Row,1375,1018.0833333333334
Ontario,2024-06-01,Apartment,3589,4397.5
Ontario,2024-07-01,All,8650.25,6706.833333333334
Ontario,2024-07-01,Single,1036,1101.3333333333333
Ontario,2024-07-01,Semi-detached,92,127.91666666666667
Ontario,2024-07-01,Row,942,991.5833333333334
Ontario,2024-07-01,Apartment,6433,4487.333333333333
Ontario,2024-08-01,All,4839.25,6551.506944444444
Ontario,2024-08-01,Single,1143,1106.4166666666667
Ontario,2024-08-01,Semi-detached,86,120.75
Ontario,2024-08-01,Row,1124,975.8333333333334
Ontario,2024-08-01,Apartment,2533,4342.916666666667
Ontario,2024-09-01,All,5130.833333333333,6293.423611111111
Ontario,2024-09-01,Single,1897,1117.3333333333333
Ontario,2024-09-01,Semi-detached,146,115.08333333333333
Ontario,2024-09-01,Row,1250,958.8333333333334
Ontario,2024-09-01,Apartment,3075,4109
Ontario,2024-10-01,All,5265.333333333333,6049.090277777777
Ontario,2024-10-01,Single,1172,1107.5
Ontario,2024-10-01,Semi-detached,114,113.66666666666667
Ontario,2024-10-01,Row,877,957.5
Ontario,2024-10-01,Apartment,2946,3874.0833333333335
Ontario,2024-11-01,All,4844.75,6036.458333333333
Ontario,2024-11-01,Single,1233,1117.3333333333333
Ontario,2024-11-01,Semi-detached,115,112.08333333333333
Ontario,2024-11-01,Row,1154,953.4166666666666
Ontario,2024-11-01,Apartment,2589,3856.25
Ontario,2024-12-01,All,5241.833333333333,6001.284722222223
Ontario,2024-12-01,Single,1180,1096.75
Ontario,2024-12-01,Semi-detached,122,112.41666666666667
Ontario,2024-12-01,Row,1139,972.6666666666666
Ontario,2024-12-01,Apartment,3349,3828
Ontario,2025-01-01,All,4808.583333333333,5851.090277777777
Ontario,2025-01-01,Single,485,1086
Ontario,2025-01-01,Semi-detached,34,112.25
Ontario,2025-01-01,Row,456,959.3333333333334
Ontario,2025-01-01,Apartment,2918,3707.25
Ontario,2025-02-01,All,4694.416666666667,5646.694444444444
Ontario,2025-02-01,Single,456,1078.0833333333333
Ontario,2025-02-01,Semi-detached,48,109.58333333333333
Ontario,2025-02-01,Row,661,974.75
Ontario,2025-02-01,Apartment,2719,3502.9166666666665
Ontario,2025-03-01,All,3204.25,5425.388888888889
Ontario,2025-03-01,Single,645,1047.0833333333333
Ontario,2025-03-01,Semi-detached,68,103.75
Ontario,2025-03-01,Row,869,970.9166666666666
Ontario,2025-03-01,Apartment,1579,3327.9166666666665
Ontario,2025-04-01,All,5486.583333333333,5386.256944444444
Ontario,2025-04-01,Single,685,1035.25
Ontario,2025-04-01,Semi-detached,104,102.25
Ontario,2025-04-01,Row,623,961.0833333333334
Ontario,2025-04-01,Apartment,3531,3320.6666666666665
Ontario,2025-05-01,All,5707.583333333333,5271.006944444444
Ontario,2025-05-01,Single,743,1016.4166666666666
Ontario,2025-05-01,Semi-detached,60,94.08333333333333
Ontario,2025-05-01,Row,547,918.0833333333334
Ontario,2025-05-01,Apartment,4112,3281.0833333333335
Ontario,2025-06-01,All,4915.333333333333,5232.416666666666
Ontario,2025-06-01,Single,1398,1006.0833333333334
Ontario,2025-06-01,Semi-detached,186,97.91666666666667
Ontario,2025-06-01,Row,1113,896.25
Ontario,2025-06-01,Apartment,3328,3259.3333333333335
Ontario,2025-07-01,All,6050.166666666667,5015.743055555556
Ontario,2025-07-01,Single,837,989.5
Ontario,2025-07-01,Semi-detached,88,97.58333333333333
Ontario,2025-07-01,Row,716,877.4166666666666
Ontario,2025-07-01,Apartment,4442,3093.4166666666665
Ontario,2025-08-01,All,4528.583333333333,4989.854166666666
Ontario,2025-08-01,Single,892,968.5833333333334
Ontario,2025-08-01,Semi-detached,70,96.25
Ontario,2025-08-01,Row,853,854.8333333333334
Ontario,2025-08-01,Apartment,2969,3129.75
Ontario,2025-09-01,All,7172.583333333333,5160
Ontario,2025-09-01,Single,1054,898.3333333333334
Ontario,2025-09-01,Semi-detached,90,91.58333333333333
Ontario,2025-09-01,Row,908,826.3333333333334
Ontario,2025-09-01,Apartment,5824,3358.8333333333335
Ontario,2025-10-01,All,3483.1666666666665,5011.486111111111
Ontario,2025-10-01,Single,888,874.6666666666666
Ontario,2025-10-01,Semi-detached,138,93.58333333333333
Ontario,2025-10-01,Row,704,811.9166666666666
Ontario,2025-10-01,Apartment,1653,3251.0833333333335
Ontario,2025-11-01,All,4539.75,4986.069444444444
Ontario,2025-11-01,Single,934,849.75
Ontario,2025-11-01,Semi-detached,117,93.75
Ontario,2025-11-01,Row,835,785.3333333333334
Ontario,2025-11-01,Apartment,2900,3277
Ontario,2025-12-01,All,7810.166666666667,5200.097222222222
Ontario,2025-12-01,Single,1040,838.0833333333334
Ontario,2025-12-01,Semi-detached,142,95.41666666666667
Ontario,2025-12-01,Row,1055,778.3333333333334
Ontario,2025-12-01,Apartment,6044,3501.5833333333335
Ontario,2026-01-01,All,5534.416666666667,5260.583333333333
Ontario,2026-01-01,Single,531,841.9166666666666
Ontario,2026-01-01,Semi-detached,32,95.25
Ontario,2026-01-01,Row,347,769.25
Ontario,2026-01-01,Apartment,3357,3538.1666666666665
Ontario,2026-02-01,All,5704.583333333333,5344.763888888889
Ontario,2026-02-01,Single,368,834.5833333333334
Ontario,2026-02-01,Semi-detached,40,94.58333333333333
Ontario,2026-02-01,Row,388,746.5
Ontario,2026-02-01,Apartment,3638,3614.75
Ontario,2026-03-01,All,4286.916666666667,5434.986111111111
Ontario,2026-03-01,Single,669,836.5833333333334
Ontario,2026-03-01,Semi-detached,80,95.58333333333333
Ontario,2026-03-01,Row,1032,760.0833333333334
Ontario,2026-03-01,Apartment,3261,3754.9166666666665
Ontario,2026-04-01,All,6772.583333333333,5542.152777777777
Ontario,2026-04-01,Single,515,822.4166666666666
Ontario,2026-04-01,Semi-detached,44,90.58333333333333
Ontario,2026-04-01,Row,677,764.5833333333334
Ontario,2026-04-01,Apartment,5082,3884.1666666666665
Ontario,2026-05-01,All,5575.583333333333,5531.152777777777
Ontario,2026-05-01,Single,717,820.25
Ontario,2026-05-01,Semi-detached,84,92.58333333333333
Ontario,2026-05-01,Row,504,761
Ontario,2026-05-01,Apartment,3964,3871.8333333333335
Ontario,2026-06-01,All,5006.25,5538.729166666667
Ontario,2026-06-01,Single,1310,812.9166666666666
Ontario,2026-06-01,Semi-detached,150,89.58333333333333
Ontario,2026-06-01,Row,1042,755.0833333333334
Ontario,2026-06-01,Apartment,3468,3883.5
Ontario,2026-07-01,All,4339.166666666667,5396.145833333333
Ontario,2026-07-01,Single,956,822.8333333333334
Ontario,2026-07-01,Semi-detached,134,93.41666666666667
Ontario,2026-07-01,Row,846,765.9166666666666
Ontario,2026-07-01,Apartment,2389,3712.4166666666665
Ontario,2026-08-01,All,3485.75,5309.243055555556
Ontario,2026-08-01,Single,911,824.4166666666666
Ontario,2026-08-01,Semi-detached,154,100.41666666666667
Ontario,2026-08-01,Row,540,739.8333333333334
Ontario,2026-08-01,Apartment,1957,3628.0833333333335
Region,2021-09-01,All,231.58333333333334,412.7083333333333
Region,2021-09-01,Single,62,78
Region,2021-09-01,Semi-detached,2,6.666666666666667
Region,2021-09-01,Row,34,80.91666666666667
Region,2021-09-01,Apartment,132,246.33333333333334
Region,2021-10-01,All,606.1666666666666,442.80555555555554
Region,2021-10-01,Single,56,76.16666666666667
Region,2021-10-01,Semi-detached,2,5.833333333333333
Region,2021-10-01,Row,161,92.5
Region,2021-10-01,Apartment,392,267.4166666666667
Region,2021-11-01,All,267.4166666666667,449.3541666666667
Region,2021-11-01,Single,52,72.5
Region,2021-11-01,Semi-detached,2,4.5
Region,2021-11-01,Row,76,95.5
Region,2021-11-01,Apartment,140,276.4166666666667
Region,2021-12-01,All,539.25,468.2291666666667
Region,2021-12-01,Single,78,73.75
Region,2021-12-01,Semi-detached,6,4.833333333333333
Region,2021-12-01,Row,223,108.5
Region,2021-12-01,Apartment,220,279.75
Region,2022-01-01,All,128.91666666666666,405.7083333333333
Region,2022-01-01,Single,28,70.75
Region,2022-01-01,Semi-detached,2,5
Region,2022-01-01,Row,13,103.41666666666667
Region,2022-01-01,Apartment,64,226.33333333333334
Region,2022-02-01,All,182.91666666666666,412.75
Region,2022-02-01,Single,96,72.91666666666667
Region,2022-02-01,Semi-detached,8,5.166666666666667
Region,2022-02-01,Row,19,102.83333333333333
Region,2022-02-01,Apartment,60,231.33333333333334
Region,2022-03-01,All,332.5833333333333,409.7916666666667
Region,2022-03-01,Single,58,71.16666666666667
Region,2022-03-01,Semi-detached,2,5
Region,2022-03-01,Row,57,102.91666666666667
Region,2022-03-01,Apartment,216,230.5
Region,2022-04-01,All,212.66666666666666,352.21527777777777
Region,2022-04-01,Single,77,69.41666666666667
Region,2022-04-01,Semi-detached,6,4.5
Region,2022-04-01,Row,124,99.66666666666667
Region,2022-04-01,Apartment,0,178.16666666666666
Region,2022-05-01,All,203.33333333333334,325.3888888888889
Region,2022-05-01,Single,102,68.75
Region,2022-05-01,Semi-detached,6,4.666666666666667
Region,2022-05-01,Row,99,102.5
Region,2022-05-01,Apartment,4,148.91666666666666
Region,2022-06-01,All,500.1666666666667,345.99305555555554
Region,2022-06-01,Single,165,76.75
Region,2022-06-01,Semi-detached,12,5.333333333333333
Region,2022-06-01,Row,208,110.25
Region,2022-06-01,Apartment,156,155.83333333333334
Region,2022-07-01,All,402.4166666666667,338.86805555555554
Region,2022-07-01,Single,93,79.41666666666667
Region,2022-07-01,Semi-detached,0,4.5
Region,2022-07-01,Row,112,105.5
Region,2022-07-01,Apartment,193,151.25
Region,2022-08-01,All,405.4166666666667,334.40277777777777
Region,2022-08-01,Single,65,77.66666666666667
Region,2022-08-01,Semi-detached,4,4.333333333333333
Region,2022-08-01,Row,222,112.33333333333333
Region,2022-08-01,Apartment,123,141.66666666666666
Region,2022-09-01,All,310.4166666666667,340.97222222222223
Region,2022-09-01,Single,86,79.66666666666667
Region,2022-09-01,Semi-detached,4,4.5
Region,2022-09-01,Row,109,118.58333333333333
Region,2022-09-01,Apartment,100,139
Region,2022-10-01,All,463.0833333333333,329.0486111111111
Region,2022-10-01,Single,115,84.58333333333333
Region,2022-10-01,Semi-detached,6,4.833333333333333
Region,2022-10-01,Row,46,109
Region,2022-10-01,Apartment,300,131.33333333333334
Region,2022-11-01,All,1007.8333333333334,390.75
Region,2022-11-01,Single,98,88.41666666666667
Region,2022-11-01,Semi-detached,10,5.5
Region,2022-11-01,Row,131,113.58333333333333
Region,2022-11-01,Apartment,779,184.58333333333334
Region,2022-12-01,All,670.9166666666666,401.72222222222223
Region,2022-12-01,Single,39,85.16666666666667
Region,2022-12-01,Semi-detached,6,5.5
Region,2022-12-01,Row,34,97.83333333333333
Region,2022-12-01,Apartment,590,215.41666666666666
Region,2023-01-01,All,432.3333333333333,427.00694444444446
Region,2023-01-01,Single,51,87.08333333333333
Region,2023-01-01,Semi-detached,6,5.833333333333333
Region,2023-01-01,Row,95,104.66666666666667
Region,2023-01-01,Apartment,234,229.58333333333334
Region,2023-02-01,All,427.3333333333333,447.375
Region,2023-02-01,Single,93,86.83333333333333
Region,2023-02-01,Semi-detached,6,5.666666666666667
Region,2023-02-01,Row,53,107.5
Region,2023-02-01,Apartment,261,246.33333333333334
Region,2023-03-01,All,141.08333333333334,431.4166666666667
Region,2023-03-01,Single,97,90.08333333333333
Region,2023-03-01,Semi-detached,10,6.333333333333333
Region,2023-03-01,Row,48,106.75
Region,2023-03-01,Apartment,0,228.33333333333334
Region,2023-04-01,All,103.58333333333333,422.3263888888889
Region,2023-04-01,Single,46,87.5
Region,2023-04-01,Semi-detached,0,5.833333333333333
Region,2023-04-01,Row,53,100.83333333333333
Region,2023-04-01,Apartment,0,228.33333333333334
Region,2023-05-01,All,214,423.21527777777777
Region,2023-05-01,Single,76,85.33333333333333
Region,2023-05-01,Semi-detached,2,5.5
Region,2023-05-01,Row,138,104.08333333333333
Region,2023-05-01,Apartment,2,228.16666666666666
Region,2023-06-01,All,136.33333333333334,392.8958333333333
Region,2023-06-01,Single,109,80.66666666666667
Region,2023-06-01,Semi-detached,2,4.666666666666667
Region,2023-06-01,Row,50,90.91666666666667
Region,2023-06-01,Apartment,2,215.33333333333334
Region,2023-07-01,All,281.0833333333333,382.78472222222223
Region,2023-07-01,Single,60,77.91666666666667
Region,2023-07-01,Semi-detached,8,5.333333333333333
Region,2023-07-01,Row,207,98.83333333333333
Region,2023-07-01,Apartment,8,199.91666666666666
Region,2023-08-01,All,196.83333333333334,365.40277777777777
Region,2023-08-01,Single,87,79.75
Region,2023-08-01,Semi-detached,8,5.666666666666667
Region,2023-08-01,Row,72,86.33333333333333
Region,2023-08-01,Apartment,36,192.66666666666666
Region,2023-09-01,All,543.8333333333334,384.8541666666667
Region,2023-09-01,Single,38,75.75
Region,2023-09-01,Semi-detached,2,5.5
Region,2023-09-01,Row,118,87.08333333333333
Region,2023-09-01,Apartment,378,215.83333333333334
Region,2023-10-01,All,340.75000000000006,374.65972222222223
Region,2023-10-01,Single,67,71.75
Region,2023-10-01,Semi-detached,4,5.333333333333333
Region,2023-10-01,Row,105,92
Region,2023-10-01,Apartment,170,205
Region,2023-11-01,All,391.6666666666667,323.3125
Region,2023-11-01,Single,79,70.16666666666667
Region,2023-11-01,Semi-detached,6,5
Region,2023-11-01,Row,229,100.16666666666667
Region,2023-11-01,Apartment,89,147.5
Region,2023-12-01,All,1508,393.06944444444446
Region,2023-12-01,Single,47,70.83333333333333
Region,2023-12-01,Semi-detached,0,4.5
Region,2023-12-01,Row,39,100.58333333333333
Region,2023-12-01,Apartment,1421,216.75
Region,2024-01-01,All,194.25,373.2291666666667
Region,2024-01-01,Single,14,67.75
Region,2024-01-01,Semi-detached,2,4.166666666666667
Region,2024-01-01,Row,135,103.91666666666667
Region,2024-01-01,Apartment,30,199.75
Region,2024-02-01,All,172.16666666666666,351.96527777777777
Region,2024-02-01,Single,20,61.666666666666664
Region,2024-02-01,Semi-detached,0,3.6666666666666665
Region,2024-02-01,Row,76,105.83333333333333
Region,2024-02-01,Apartment,72,184
Region,2024-03-01,All,121.75,350.3541666666667
Region,2024-03-01,Single,53,58
Region,2024-03-01,Semi-detached,2,3
Region,2024-03-01,Row,71,107.75
Region,2024-03-01,Apartment,2,184.16666666666666
Region,2024-04-01,All,513.25,384.49305555555554
Region,2024-04-01,Single,43,57.75
Region,2024-04-01,Semi-detached,4,3.3333333333333335
Region,2024-04-01,Row,29,105.75
Region,2024-04-01,Apartment,436,220.5
Region,2024-05-01,All,66.83333333333333,372.2291666666667
Region,2024-05-01,Single,37,54.5
Region,2024-05-01,Semi-detached,0,3.1666666666666665
Region,2024-05-01,Row,6,94.75
Region,2024-05-01,Apartment,24,222.33333333333334
Region,2024-06-01,All,572.5833333333334,408.58333333333337
Region,2024-06-01,Single,47,49.333333333333336
Region,2024-06-01,Semi-detached,2,3.1666666666666665
Region,2024-06-01,Row,16,91.91666666666667
Region,2024-06-01,Apartment,520,265.5
Region,2024-07-01,All,237.25,404.93055555555554
Region,2024-07-01,Single,27,46.583333333333336
Region,2024-07-01,Semi-detached,0,2.5
Region,2024-07-01,Row,9,75.41666666666667
Region,2024-07-01,Apartment,203,281.75
Region,2024-08-01,All,329.5833333333333,415.99305555555554
Region,2024-08-01,Single,27,41.583333333333336
Region,2024-08-01,Semi-detached,8,2.5
Region,2024-08-01,Row,10,70.25
Region,2024-08-01,Apartment,286,302.5833333333333
Region,2024-09-01,All,147,382.92361111111114
Region,2024-09-01,Single,22,40.25
Region,2024-09-01,Semi-detached,2,2.5
Region,2024-09-01,Row,46,64.25
Region,2024-09-01,Apartment,71,277
Region,2024-10-01,All,309.5,380.31944444444446
Region,2024-10-01,Single,24,36.666666666666664
Region,2024-10-01,Semi-detached,6,2.6666666666666665
Region,2024-10-01,Row,30,58
Region,2024-10-01,Apartment,252,283.8333333333333
Region,2024-11-01,All,78.5,354.22222222222223
Region,2024-11-01,Single,35,33
Region,2024-11-01,Semi-detached,2,2.3333333333333335
Region,2024-11-01,Row,37,42
Region,2024-11-01,Apartment,10,277.25
Region,2024-12-01,All,663.5,283.84722222222223
Region,2024-12-01,Single,27,31.333333333333332
Region,2024-12-01,Semi-detached,0,2.3333333333333335
Region,2024-12-01,Row,50,42.916666666666664
Region,2024-12-01,Apartment,586,207.66666666666666
Region,2025-01-01,All,212.83333333333334,285.3958333333333
Region,2025-01-01,Single,17,31.583333333333332
Region,2025-01-01,Semi-detached,0,2.1666666666666665
Region,2025-01-01,Row,177,46.416666666666664
Region,2025-01-01,Apartment,2,205.33333333333334
Region,2025-02-01,All,295.75,295.69444444444446
Region,2025-02-01,Single,12,30.916666666666668
Region,2025-02-01,Semi-detached,0,2.1666666666666665
Region,2025-02-01,Row,0,40.083333333333336
Region,2025-02-01,Apartment,281,222.75
Region,2025-03-01,All,361.0833333333333,315.6388888888889
Region,2025-03-01,Single,41,29.916666666666668
Region,2025-03-01,Semi-detached,6,2.5
Region,2025-03-01,Row,44,37.833333333333336
Region,2025-03-01,Apartment,279,245.83333333333334
Region,2025-04-01,All,259,294.4513888888889
Region,2025-04-01,Single,26,28.5
Region,2025-04-01,Semi-detached,8,2.8333333333333335
Region,2025-04-01,Row,31,38
Region,2025-04-01,Apartment,190,225.33333333333334
Region,2025-05-01,All,57.833333333333336,293.7013888888889
Region,2025-05-01,Single,20,27.083333333333332
Region,2025-05-01,Semi-detached,2,3
Region,2025-05-01,Row,31,40.083333333333336
Region,2025-05-01,Apartment,4,223.66666666666666
Region,2025-06-01,All,50,250.15277777777777
Region,2025-06-01,Single,36,26.166666666666668
Region,2025-06-01,Semi-detached,0,2.8333333333333335
Region,2025-06-01,Row,11,39.666666666666664
Region,2025-06-01,Apartment,13,181.41666666666666
Region,2025-07-01,All,381.5833333333333,262.18055555555554
Region,2025-07-01,Single,56,28.583333333333332
Region,2025-07-01,Semi-detached,4,3.1666666666666665
Region,2025-07-01,Row,37,42
Region,2025-07-01,Apartment,289,188.58333333333334
Region,2025-08-01,All,646.9166666666666,288.625
Region,2025-08-01,Single,36,29.333333333333332
Region,2025-08-01,Semi-detached,0,2.5
Region,2025-08-01,Row,0,41.166666666666664
Region,2025-08-01,Apartment,613,215.83333333333334
Region,2025-09-01,All,1267.9166666666667,382.03472222222223
Region,2025-09-01,Single,29,29.916666666666668
Region,2025-09-01,Semi-detached,4,2.6666666666666665
Region,2025-09-01,Row,49,41.416666666666664
Region,2025-09-01,Apartment,1177,308
Region,2025-10-01,All,120.41666666666667,366.27777777777777
Region,2025-10-01,Single,90,35.416666666666664
Region,2025-10-01,Semi-detached,0,2.1666666666666665
Region,2025-10-01,Row,39,42.166666666666664
Region,2025-10-01,Apartment,2,287.1666666666667
Region,2025-11-01,All,80.25,366.4236111111111
Region,2025-11-01,Single,33,35.25
Region,2025-11-01,Semi-detached,4,2.3333333333333335
Region,2025-11-01,Row,18,40.583333333333336
Region,2025-11-01,Apartment,32,289
Region,2025-12-01,All,563.3333333333334,358.0763888888889
Region,2025-12-01,Single,37,36.083333333333336
Region,2025-12-01,Semi-detached,4,2.6666666666666665
Region,2025-12-01,Row,12,37.416666666666664
Region,2025-12-01,Apartment,510,282.6666666666667
Region,2026-01-01,All,202.5,357.21527777777777
Region,2026-01-01,Single,33,37.416666666666664
Region,2026-01-01,Semi-detached,2,2.8333333333333335
Region,2026-01-01,Row,55,27.25
Region,2026-01-01,Apartment,94,290.3333333333333
Region,2026-02-01,All,1052.1666666666667,420.25
Region,2026-02-01,Single,11,37.333333333333336
Region,2026-02-01,Semi-detached,0,2.8333333333333335
Region,2026-02-01,Row,5,27.666666666666668
Region,2026-02-01,Apartment,1023,352.1666666666667
Region,2026-03-01,All,57.833333333333336,394.9791666666667
Region,2026-03-01,Single,31,36.5
Region,2026-03-01,Semi-detached,0,2.3333333333333335
Region,2026-03-01,Row,24,26
Region,2026-03-01,Apartment,10,329.75
Region,2026-04-01,All,856.3333333333334,444.75694444444446
Region,2026-04-01,Single,30,36.833333333333336
Region,2026-04-01,Semi-detached,0,1.6666666666666667
Region,2026-04-01,Row,16,24.75
Region,2026-04-01,Apartment,809,381.3333333333333
Region,2026-05-01,All,272.9166666666667,462.6805555555556
Region,2026-05-01,Single,23,37.083333333333336
Region,2026-05-01,Semi-detached,0,1.5
Region,2026-05-01,Row,11,23.083333333333332
Region,2026-05-01,Apartment,235,400.5833333333333
Region,2026-06-01,All,79.33333333333333,465.125
Region,2026-06-01,Single,24,36.083333333333336
Region,2026-06-01,Semi-detached,0,1.5
Region,2026-06-01,Row,58,27
Region,2026-06-01,Apartment,2,399.6666666666667
Region,2026-07-01,All,208.58333333333334,450.70833333333337
Region,2026-07-01,Single,63,36.666666666666664
Region,2026-07-01,Semi-detached,4,1.5
Region,2026-07-01,Row,50,28.083333333333332
Region,2026-07-01,Apartment,107,384.5
Region,2026-08-01,All,98.25,404.98611111111114
Region,2026-08-01,Single,47,37.583333333333336
Region,2026-08-01,Semi-detached,0,1.5
Region,2026-08-01,Row,21,29.833333333333332
Region,2026-08-01,Apartment,34,336.25
