geo,date,units,average_12
Canada,2021-08-01,22207,24839.75
Canada,2021-09-01,25020,24913.75
Canada,2021-10-01,25238,25049
Canada,2021-11-01,25364,25187.416666666668
Canada,2021-12-01,27229,25427.75
Canada,2022-01-01,23562,25128.916666666668
Canada,2022-02-01,24416,25158.083333333332
Canada,2022-03-01,23612,24707.583333333332
Canada,2022-04-01,24840,24528.166666666668
Canada,2022-05-01,24517,24624.416666666668
Canada,2022-06-01,25152,24754
Canada,2022-07-01,22319,24456.333333333332
Canada,2022-08-01,25337,24717.166666666668
Canada,2022-09-01,20347,24327.75
Canada,2022-10-01,19618,23859.416666666668
Canada,2022-11-01,22281,23602.5
Canada,2022-12-01,21593,23132.833333333332
Canada,2023-01-01,20624,22888
Canada,2023-02-01,22940,22765
Canada,2023-03-01,22073,22636.75
Canada,2023-04-01,19079,22156.666666666668
Canada,2023-05-01,22704,22005.583333333332
Canada,2023-06-01,25474,22032.416666666668
Canada,2023-07-01,22471,22045.083333333332
Canada,2023-08-01,20732,21661.333333333332
Canada,2023-09-01,23413,21916.833333333332
Canada,2023-10-01,22269,22137.75
Canada,2023-11-01,23572,22245.333333333332
Canada,2023-12-01,17635,21915.5
Canada,2024-01-01,19592,21829.5
Canada,2024-02-01,22508,21793.5
Canada,2024-03-01,20998,21703.916666666668
Canada,2024-04-01,27713,22423.416666666668
Canada,2024-05-01,24583,22580
Canada,2024-06-01,22369,22321.25
Canada,2024-07-01,24488,22489.333333333332
Canada,2024-08-01,25073,22851.083333333332
Canada,2024-09-01,25040,22986.666666666668
Canada,2024-10-01,24934,23208.75
Canada,2024-11-01,23793,23227.166666666668
Canada,2024-12-01,28488,24131.583333333332
Canada,2025-01-01,28640,24885.583333333332
Canada,2025-02-01,25277,25116.333333333332
Canada,2025-03-01,26950,25612.333333333332
Canada,2025-04-01,25690,25443.75
Canada,2025-05-01,25318,25505
Canada,2025-06-01,24505,25683
Canada,2025-07-01,24995,25725.25
Canada,2025-08-01,23773,25616.916666666668
Canada,2025-09-01,24819,25598.5
Canada,2025-10-01,27621,25822.416666666668
Canada,2025-11-01,24595,25889.25
Canada,2025-12-01,25558,25645.083333333332
Canada,2026-01-01,25407,25375.666666666668
Canada,2026-02-01,25483,25392.833333333332
Canada,2026-03-01,25807,25297.583333333332
Canada,2026-04-01,24247,25177.333333333332
Canada,2026-05-01,23822,25052.666666666668
Canada,2026-06-01,25864,25165.916666666668
Canada,2026-07-01,23249,25020.416666666668
Ontario,2021-08-01,7807,10183.083333333334
Ontario,2021-09-01,10621,10197
Ontario,2021-10-01,10379,10212.75
Ontario,2021-11-01,8603,10085.333333333334
Ontario,2021-12-01,10839,10156.75
Ontario,2022-01-01,9152,9965.583333333334
Ontario,2022-02-01,9417,9972.25
Ontario,2022-03-01,8769,9722.666666666666
Ontario,2022-04-01,8700,9465
Ontario,2022-05-01,8668,9487.5
Ontario,2022-06-01,9748,9448.833333333334
Ontario,2022-07-01,6804,9125.583333333334
Ontario,2022-08-01,9909,9300.75
Ontario,2022-09-01,7335,9026.916666666666
Ontario,2022-10-01,6199,8678.583333333334
Ontario,2022-11-01,8324,8655.333333333334
Ontario,2022-12-01,8223,8437.333333333334
Ontario,2023-01-01,8910,8417.166666666666
Ontario,2023-02-01,9225,8401.166666666666
Ontario,2023-03-01,9907,8496
Ontario,2023-04-01,7125,8364.75
Ontario,2023-05-01,8435,8345.333333333334
Ontario,2023-06-01,8522,8243.166666666666
Ontario,2023-07-01,9230,8445.333333333334
Ontario,2023-08-01,8164,8299.916666666666
Ontario,2023-09-01,7821,8340.416666666666
Ontario,2023-10-01,7921,8483.916666666666
Ontario,2023-11-01,9092,8547.916666666666
Ontario,2023-12-01,5184,8294.666666666666
Ontario,2024-01-01,6056,8056.833333333333
Ontario,2024-02-01,7116,7881.083333333333
Ontario,2024-03-01,6403,7589.083333333333
Ontario,2024-04-01,8136,7673.333333333333
Ontario,2024-05-01,9980,7802.083333333333
Ontario,2024-06-01,8017,7760
Ontario,2024-07-01,7445,7611.25
Ontario,2024-08-01,7501,7556
Ontario,2024-09-01,8985,7653
Ontario,2024-10-01,7401,7609.666666666667
Ontario,2024-11-01,7726,7495.833333333333
Ontario,2024-12-01,10093,7904.916666666667
Ontario,2025-01-01,8492,8107.916666666667
Ontario,2025-02-01,7491,8139.166666666667
Ontario,2025-03-01,7449,8226.333333333334
Ontario,2025-04-01,8076,8221.333333333334
Ontario,2025-05-01,6186,7905.166666666667
Ontario,2025-06-01,6689,7794.5
Ontario,2025-07-01,7961,7837.5
Ontario,2025-08-01,6947,7791.333333333333
Ontario,2025-09-01,6459,7580.833333333333
Ontario,2025-10-01,8821,7699.166666666667
Ontario,2025-11-01,6334,7583.166666666667
Ontario,2025-12-01,7512,7368.083333333333
Ontario,2026-01-01,7218,7261.916666666667
Ontario,2026-02-01,7980,7302.666666666667
Ontario,2026-03-01,7605,7315.666666666667
Ontario,2026-04-01,6913,7218.75
Ontario,2026-05-01,6803,7270.166666666667
Ontario,2026-06-01,7039,7299.333333333333
Ontario,2026-07-01,6298,7160.75
Region,2021-08-01,429,510.75
Region,2021-09-01,492,506.0833333333333
Region,2021-10-01,361,513
Region,2021-11-01,471,503
Region,2021-12-01,526,493.3333333333333
Region,2022-01-01,383,476.75
Region,2022-02-01,433,450.5
Region,2022-03-01,576,452.0833333333333
Region,2022-04-01,456,431.25
Region,2022-05-01,488,442.0833333333333
Region,2022-06-01,599,462.8333333333333
Region,2022-07-01,385,466.5833333333333
Region,2022-08-01,344,459.5
Region,2022-09-01,244,438.8333333333333
Region,2022-10-01,454,446.5833333333333
Region,2022-11-01,387,439.5833333333333
Region,2022-12-01,350,424.9166666666667
Region,2023-01-01,329,420.4166666666667
Region,2023-02-01,324,411.3333333333333
Region,2023-03-01,303,388.5833333333333
Region,2023-04-01,386,382.75
Region,2023-05-01,925,419.1666666666667
Region,2023-06-01,270,391.75
Region,2023-07-01,673,415.75
Region,2023-08-01,459,425.3333333333333
Region,2023-09-01,657,459.75
Region,2023-10-01,550,467.75
Region,2023-11-01,1072,524.8333333333334
Region,2023-12-01,290,519.8333333333334
Region,2024-01-01,446,529.5833333333334
Region,2024-02-01,367,533.1666666666666
Region,2024-03-01,437,544.3333333333334
Region,2024-04-01,277,535.25
Region,2024-05-01,245,478.5833333333333
Region,2024-06-01,341,484.5
Region,2024-07-01,182,443.5833333333333
Region,2024-08-01,381,437.0833333333333
Region,2024-09-01,486,422.8333333333333
Region,2024-10-01,225,395.75
Region,2024-11-01,369,337.1666666666667
Region,2024-12-01,534,357.5
Region,2025-01-01,323,347.25
Region,2025-02-01,428,352.3333333333333
Region,2025-03-01,153,328.6666666666667
Region,2025-04-01,610,356.4166666666667
Region,2025-05-01,174,350.5
Region,2025-06-01,640,375.4166666666667
Region,2025-07-01,612,411.25
Region,2025-08-01,428,415.1666666666667
Region,2025-09-01,308,400.3333333333333
Region,2025-10-01,510,424.0833333333333
Region,2025-11-01,325,420.4166666666667
Region,2025-12-01,218,394.0833333333333
Region,2026-01-01,946,446
Region,2026-02-01,336,438.3333333333333
Region,2026-03-01,876,498.5833333333333
Region,2026-04-01,414,482.25
Region,2026-05-01,276,490.75
Region,2026-06-01,301,462.5
Region,2026-07-01,223,430.0833333333333
