geo,date,intended_market,starts_12,all_starts_12,percent
Canada,2021-09-01,Rental,75417,240425,31.368202142040136
Canada,2021-09-01,Condo,73942,240425,30.7547052095248
Canada,2021-09-01,Homeowner,90709,240425,37.72860559426016
Canada,2021-10-01,Rental,76922,241314,31.876310533164258
Canada,2021-10-01,Condo,73281,241314,30.367488003182576
Canada,2021-10-01,Homeowner,90735,241314,37.60038787637684
Canada,2021-11-01,Rental,78771,244807,32.17677599088261
Canada,2021-11-01,Condo,75331,244807,30.771587413758596
Canada,2021-11-01,Homeowner,90329,244807,36.898046215998725
Canada,2021-12-01,Rental,78746,244651,32.18707464919416
Canada,2021-12-01,Condo,75857,244651,31.006208844435545
Canada,2021-12-01,Homeowner,89808,244651,36.70861758177976
Canada,2022-01-01,Rental,78787,241084,32.68031059713627
Canada,2022-01-01,Condo,73678,241084,30.56113221947537
Canada,2022-01-01,Homeowner,88359,241084,36.65071095551758
Canada,2022-02-01,Rental,78336,241263,32.46913119707539
Canada,2022-02-01,Condo,74718,241263,30.969522885813404
Canada,2022-02-01,Homeowner,87989,241263,36.47015912095928
Canada,2022-03-01,Rental,77399,235214,32.90577941789179
Canada,2022-03-01,Condo,70889,235214,30.138087018629843
Canada,2022-03-01,Homeowner,86703,235214,36.861326281598885
Canada,2022-04-01,Rental,77833,235346,33.07173268294341
Canada,2022-04-01,Condo,71226,235346,30.264376704936563
Canada,2022-04-01,Homeowner,86025,235346,36.552565159382354
Canada,2022-05-01,Rental,79921,236408,33.80638557070827
Canada,2022-05-01,Condo,70160,236408,29.67750668336097
Canada,2022-05-01,Homeowner,86065,236408,36.40528239315082
Canada,2022-06-01,Rental,79734,236162,33.76241732370153
Canada,2022-06-01,Condo,70510,236162,29.85662384295526
Canada,2022-06-01,Homeowner,85671,236162,36.27636961069097
Canada,2022-07-01,Rental,82168,236403,34.757596138796885
Canada,2022-07-01,Condo,68882,236403,29.137532095616386
Canada,2022-07-01,Homeowner,85106,236403,36.00038916595813
Canada,2022-08-01,Rental,82865,237353,34.91213508992935
Canada,2022-08-01,Condo,68568,237353,28.88861737580734
Canada,2022-08-01,Homeowner,85673,237353,36.095183123870356
Canada,2022-09-01,Rental,83536,241847,34.540846072103434
Canada,2022-09-01,Condo,71741,241847,29.66379570554938
Canada,2022-09-01,Homeowner,86323,241847,35.69322753641765
Canada,2022-10-01,Rental,85135,243849,34.912999438176904
Canada,2022-10-01,Condo,72886,243849,29.8898088571206
Canada,2022-10-01,Homeowner,85431,243849,35.03438603398005
Canada,2022-11-01,Rental,82488,240377,34.31609513389384
Canada,2022-11-01,Condo,72951,240377,30.348577442933394
Canada,2022-11-01,Homeowner,84541,240377,35.17017019099165
Canada,2022-12-01,Rental,82921,240965,34.41205154275517
Canada,2022-12-01,Condo,74268,240965,30.8210735999004
Canada,2022-12-01,Homeowner,83265,240965,34.554810864648395
Canada,2023-01-01,Rental,81935,241133,33.97917331928853
Canada,2023-01-01,Condo,75934,241133,31.49050523984689
Canada,2023-01-01,Homeowner,82773,241133,34.32669937337486
Canada,2023-02-01,Rental,83986,241656,34.7543615718211
Canada,2023-02-01,Condo,74807,241656,30.95598702287549
Canada,2023-02-01,Homeowner,82332,241656,34.06991756877545
Canada,2023-03-01,Rental,83673,239723,34.90403507381436
Canada,2023-03-01,Condo,75072,239723,31.316144049590573
Canada,2023-03-01,Homeowner,80494,239723,33.57792118403324
Canada,2023-04-01,Rental,84148,239483,35.137358392871306
Canada,2023-04-01,Condo,77234,239483,32.25030586722231
Canada,2023-04-01,Homeowner,77640,239483,32.41983773378486
Canada,2023-05-01,Rental,81385,232532,34.99948394199508
Canada,2023-05-01,Condo,75043,232532,32.272117385994186
Canada,2023-05-01,Homeowner,75643,232532,32.530146388454064
Canada,2023-06-01,Rental,80970,231582,34.96385729460839
Canada,2023-06-01,Condo,77326,231582,33.39033258197961
Canada,2023-06-01,Homeowner,72916,231582,31.486039502206566
Canada,2023-07-01,Rental,78349,230392,34.00682315358172
Canada,2023-07-01,Condo,80335,230392,34.86883225111983
Canada,2023-07-01,Homeowner,71338,230392,30.963748741275737
Canada,2023-08-01,Rental,78637,229530,34.26000958480373
Canada,2023-08-01,Condo,81296,229530,35.41846381736592
Canada,2023-08-01,Homeowner,69227,229530,30.160327626018386
Canada,2023-09-01,Rental,80536,226708,35.52411030929654
Canada,2023-09-01,Condo,79086,226708,34.88452105792474
Canada,2023-09-01,Homeowner,66716,226708,29.428163099670062
Canada,2023-10-01,Rental,79451,227881,34.865126974166344
Canada,2023-10-01,Condo,81891,227881,35.93586126092127
Canada,2023-10-01,Homeowner,66338,227881,29.110807833913317
Canada,2023-11-01,Rental,79086,223939,35.3158672674255
Canada,2023-11-01,Condo,79053,223939,35.30113111159736
Canada,2023-11-01,Homeowner,65514,223939,29.25528827046651
Canada,2023-12-01,Rental,81134,223804,36.25225643866955
Canada,2023-12-01,Condo,77351,223804,34.561938124430306
Canada,2023-12-01,Homeowner,65147,223804,29.10895247627388
Canada,2024-01-01,Rental,81958,225404,36.360490497063054
Canada,2024-01-01,Condo,78136,225404,34.66486841404767
Canada,2024-01-01,Homeowner,65138,225404,28.898333658675092
Canada,2024-02-01,Rental,82643,227045,36.399392190975355
Canada,2024-02-01,Condo,79709,227045,35.10713735162633
Canada,2024-02-01,Homeowner,64561,227045,28.435332202867276
Canada,2024-03-01,Rental,83467,229517,36.36636937568895
Canada,2024-03-01,Condo,81363,229517,35.4496616808341
Canada,2024-03-01,Homeowner,64562,229517,28.12950674677693
Canada,2024-04-01,Rental,83837,227436,36.86179848396912
Canada,2024-04-01,Condo,78805,227436,34.64930793717793
Canada,2024-04-01,Homeowner,64709,227436,28.451520427724724
Canada,2024-05-01,Rental,86764,233402,37.17363175979641
Canada,2024-05-01,Condo,81491,233402,34.914439464957454
Canada,2024-05-01,Homeowner,65062,233402,27.8755109210718
Canada,2024-06-01,Rental,89779,230963,38.87159415144417
Canada,2024-06-01,Condo,75783,230963,32.81174906803254
Canada,2024-06-01,Homeowner,65316,230963,28.27985434896498
Canada,2024-07-01,Rental,93271,232759,40.07191988279723
Canada,2024-07-01,Condo,74012,232759,31.797696329680054
Canada,2024-07-01,Homeowner,65391,232759,28.09386532851576
Canada,2024-08-01,Rental,93811,230023,40.78331297305052
Canada,2024-08-01,Condo,70160,230023,30.501297696317327
Canada,2024-08-01,Homeowner,65967,230023,28.678436504175668
Canada,2024-09-01,Rental,93209,227056,41.05110633500106
Canada,2024-09-01,Condo,67846,227056,29.880734268198157
Canada,2024-09-01,Homeowner,65911,227056,29.02852159819604
Canada,2024-10-01,Rental,93142,224201,41.54397170396207
Canada,2024-10-01,Condo,64997,224201,28.99050405662776
Canada,2024-10-01,Homeowner,65972,224201,29.425381688752505
Canada,2024-11-01,Rental,95652,229187,41.73535148154127
Canada,2024-11-01,Condo,66472,229187,29.00339024464738
Canada,2024-11-01,Homeowner,67058,229187,29.259076649199127
Canada,2024-12-01,Rental,95852,227971,42.045698795022176
Canada,2024-12-01,Condo,65013,227971,28.51810098652899
Canada,2024-12-01,Homeowner,67101,227971,29.43400695702524
Canada,2025-01-01,Rental,98080,228918,42.845036213840764
Canada,2025-01-01,Condo,63225,228918,27.61906010012319
Canada,2025-01-01,Homeowner,67608,228918,29.533719497811443
Canada,2025-02-01,Rental,97993,225717,43.414098184895245
Canada,2025-02-01,Condo,59810,225717,26.497782621601385
Canada,2025-02-01,Homeowner,67909,225717,30.08590403026799
Canada,2025-03-01,Rental,99171,223830,44.30639324487334
Canada,2025-03-01,Condo,57044,223830,25.48541303667962
Canada,2025-03-01,Homeowner,67610,223830,30.205959880266274
Canada,2025-04-01,Rental,102219,227146,45.0014528100869
Canada,2025-04-01,Condo,56672,227146,24.949591892439223
Canada,2025-04-01,Homeowner,68250,227146,30.04675407006947
Canada,2025-05-01,Rental,105231,229161,45.9201172974459
Canada,2025-05-01,Condo,55835,229161,24.364966115525768
Canada,2025-05-01,Homeowner,68090,229161,29.71273471489477
Canada,2025-06-01,Rental,107844,231953,46.493901781826494
Canada,2025-06-01,Condo,56227,231953,24.24068669083823
Canada,2025-06-01,Homeowner,67877,231953,29.26325591822481
Canada,2025-07-01,Rental,109996,232849,47.23919793514252
Canada,2025-07-01,Condo,54849,232849,23.55560899982392
Canada,2025-07-01,Homeowner,67945,232849,29.179854755657097
Canada,2025-08-01,Rental,111287,234346,47.488329222602474
Canada,2025-08-01,Condo,55680,234346,23.759739871813473
Canada,2025-08-01,Homeowner,67320,234346,28.726754457084823
Canada,2025-09-01,Rental,114462,237300,48.23514538558786
Canada,2025-09-01,Condo,55756,237300,23.49599662873999
Canada,2025-09-01,Homeowner,67028,237300,28.246101980615258
Canada,2025-10-01,Rental,116791,237136,49.250640982389854
Canada,2025-10-01,Condo,53437,237136,22.53432629377235
Canada,2025-10-01,Homeowner,66854,237136,28.19226098104042
Canada,2025-11-01,Rental,119475,236910,50.43054324426998
Canada,2025-11-01,Condo,51347,236910,21.673631336794564
Canada,2025-11-01,Homeowner,66034,236910,27.873031953062345
Canada,2025-12-01,Rental,122295,241552,50.62885010266941
Canada,2025-12-01,Condo,53660,241552,22.214678412929718
Canada,2025-12-01,Homeowner,65543,241552,27.134116049546268
Canada,2026-01-01,Rental,122592,241549,50.75243532368173
Canada,2026-01-01,Condo,53622,241549,22.199222517998418
Canada,2026-01-01,Homeowner,65281,241549,27.02598644581431
Canada,2026-02-01,Rental,124120,242873,51.104898444866244
Canada,2026-02-01,Condo,53852,242873,22.17290518089701
Canada,2026-02-01,Homeowner,64847,242873,26.699962531858212
Canada,2026-03-01,Rental,127065,245446,51.769024551225115
Canada,2026-03-01,Condo,53392,245446,21.753053624829903
Canada,2026-03-01,Homeowner,64935,245446,26.455921057992388
Canada,2026-04-01,Rental,130013,245219,53.0191379950167
Canada,2026-04-01,Condo,51124,245219,20.84830294553032
Canada,2026-04-01,Homeowner,64028,245219,26.11053792732211
Canada,2026-05-01,Rental,131301,243751,53.86685593084747
Canada,2026-05-01,Condo,48679,243751,19.9707898634262
Canada,2026-05-01,Homeowner,63691,243751,26.12953382755353
Canada,2026-06-01,Rental,130409,240318,54.26518196722676
Canada,2026-06-01,Condo,46726,240318,19.443404156159755
Canada,2026-06-01,Homeowner,63103,240318,26.258124651503422
Canada,2026-07-01,Rental,129032,235916,54.69404364265247
Canada,2026-07-01,Condo,43930,235916,18.621034605537563
Canada,2026-07-01,Homeowner,62855,235916,26.642957662896965
Canada,2026-08-01,Rental,130430,235455,55.39487375506997
Canada,2026-08-01,Condo,41964,235455,17.822513856150856
Canada,2026-08-01,Homeowner,62962,235455,26.74056613790321
Ontario,2021-09-01,Rental,12888,89386,14.41836529210391
Ontario,2021-09-01,Condo,35171,89386,39.347325084465126
Ontario,2021-09-01,Homeowner,41327,89386,46.23430962343097
Ontario,2021-10-01,Rental,13146,88911,14.785572088942875
Ontario,2021-10-01,Condo,34792,88911,39.13126609755823
Ontario,2021-10-01,Homeowner,40973,88911,46.08316181349889
Ontario,2021-11-01,Rental,13532,92351,14.652792065056145
Ontario,2021-11-01,Condo,38319,92351,41.492782969323564
Ontario,2021-11-01,Homeowner,40500,92351,43.8544249656203
Ontario,2021-12-01,Rental,13882,92284,15.042694291534827
Ontario,2021-12-01,Condo,38343,92284,41.54891422131681
Ontario,2021-12-01,Homeowner,40059,92284,43.408391487148364
Ontario,2022-01-01,Rental,14129,89810,15.732101102327134
Ontario,2022-01-01,Condo,36152,89810,40.25386927959025
Ontario,2022-01-01,Homeowner,39529,89810,44.01402961808262
Ontario,2022-02-01,Rental,13656,91827,14.871443039628868
Ontario,2022-02-01,Condo,38859,91827,42.31761900094743
Ontario,2022-02-01,Homeowner,39312,91827,42.8109379594237
Ontario,2022-03-01,Rental,12953,89113,14.535477427535826
Ontario,2022-03-01,Condo,37421,89113,41.992750777103225
Ontario,2022-03-01,Homeowner,38739,89113,43.47177179536095
Ontario,2022-04-01,Rental,12049,87372,13.79045918600925
Ontario,2022-04-01,Condo,36817,87372,42.138213615345876
Ontario,2022-04-01,Homeowner,38506,87372,44.07132719864488
Ontario,2022-05-01,Rental,12606,87011,14.487823378653275
Ontario,2022-05-01,Condo,36009,87011,41.384422659204006
Ontario,2022-05-01,Homeowner,38396,87011,44.12775396214272
Ontario,2022-06-01,Rental,12556,87459,14.35644130392527
Ontario,2022-06-01,Condo,36816,87459,42.0951531574795
Ontario,2022-06-01,Homeowner,38087,87459,43.548405538595226
Ontario,2022-07-01,Rental,13243,87451,15.143337411807757
Ontario,2022-07-01,Condo,36410,87451,41.6347440280843
Ontario,2022-07-01,Homeowner,37798,87451,43.221918560107945
Ontario,2022-08-01,Rental,12905,87371,14.770347140355494
Ontario,2022-08-01,Condo,36042,87371,41.251673896372935
Ontario,2022-08-01,Homeowner,38424,87371,43.97797896327156
Ontario,2022-09-01,Rental,14274,90733,15.731872637298446
Ontario,2022-09-01,Condo,37810,90733,41.67171811799456
Ontario,2022-09-01,Homeowner,38649,90733,42.596409244707
Ontario,2022-10-01,Rental,14617,91259,16.017050373113882
Ontario,2022-10-01,Condo,38400,91259,42.07804161781304
Ontario,2022-10-01,Homeowner,38242,91259,41.904908009073075
Ontario,2022-11-01,Rental,13797,88993,15.503466564785995
Ontario,2022-11-01,Condo,37169,88993,41.76620633083501
Ontario,2022-11-01,Homeowner,38027,88993,42.73032710437899
Ontario,2022-12-01,Rental,14917,91885,16.234423464112748
Ontario,2022-12-01,Condo,39377,91885,42.85465527561626
Ontario,2022-12-01,Homeowner,37591,91885,40.91092126027099
Ontario,2023-01-01,Rental,15536,93144,16.679549944172464
Ontario,2023-01-01,Condo,40256,93144,43.21910160611526
Ontario,2023-01-01,Homeowner,37352,93144,40.10134844971227
Ontario,2023-02-01,Rental,16565,93149,17.78333637505502
Ontario,2023-02-01,Condo,39172,93149,42.053054783196814
Ontario,2023-02-01,Homeowner,37412,93149,40.163608841748164
Ontario,2023-03-01,Rental,17562,92398,19.00690491136172
Ontario,2023-03-01,Condo,38213,92398,41.3569557782636
Ontario,2023-03-01,Homeowner,36623,92398,39.63613931037469
Ontario,2023-04-01,Rental,19140,95304,20.083102493074794
Ontario,2023-04-01,Condo,40872,95304,42.88592294132461
Ontario,2023-04-01,Homeowner,35292,95304,37.0309745656006
Ontario,2023-05-01,Rental,18613,93623,19.88079852173077
Ontario,2023-05-01,Condo,40668,93623,43.438044070367326
Ontario,2023-05-01,Homeowner,34342,93623,36.68115740790191
Ontario,2023-06-01,Rental,19225,95261,20.18139637417201
Ontario,2023-06-01,Condo,42781,95261,44.90924932553721
Ontario,2023-06-01,Homeowner,33255,95261,34.90935430029078
Ontario,2023-07-01,Rental,18270,95522,19.126483951341054
Ontario,2023-07-01,Condo,44755,95522,46.853080965641425
Ontario,2023-07-01,Homeowner,32497,95522,34.020435083017524
Ontario,2023-08-01,Rental,18308,93999,19.476802944712176
Ontario,2023-08-01,Condo,45122,93999,48.00263832593964
Ontario,2023-08-01,Homeowner,30569,93999,32.52055872934819
Ontario,2023-09-01,Rental,18710,90880,20.587588028169016
Ontario,2023-09-01,Condo,42958,90880,47.26892605633803
Ontario,2023-09-01,Homeowner,29212,90880,32.14348591549296
Ontario,2023-10-01,Rental,18898,92159,20.505864863985067
Ontario,2023-10-01,Condo,44429,92159,48.209073449147674
Ontario,2023-10-01,Homeowner,28832,92159,31.28506168686726
Ontario,2023-11-01,Rental,18607,89148,20.87203302373581
Ontario,2023-11-01,Condo,42741,89148,47.94386862296406
Ontario,2023-11-01,Homeowner,27800,89148,31.184098353300133
Ontario,2023-12-01,Rental,18992,85770,22.142940422058995
Ontario,2023-12-01,Condo,39816,85770,46.4218258132214
Ontario,2023-12-01,Homeowner,26962,85770,31.4352337647196
Ontario,2024-01-01,Rental,18198,86823,20.959883901731107
Ontario,2024-01-01,Condo,41989,86823,48.361609251004914
Ontario,2024-01-01,Homeowner,26636,86823,30.678506847263975
Ontario,2024-02-01,Rental,18355,86330,21.261438665585544
Ontario,2024-02-01,Condo,42146,86330,48.81964554616008
Ontario,2024-02-01,Homeowner,25829,86330,29.918915788254374
Ontario,2024-03-01,Rental,17677,85888,20.581454918032787
Ontario,2024-03-01,Condo,42949,85888,50.005821535022356
Ontario,2024-03-01,Homeowner,25262,85888,29.412723546944857
Ontario,2024-04-01,Rental,16276,82668,19.688392122707697
Ontario,2024-04-01,Condo,41265,82668,49.9165336042967
Ontario,2024-04-01,Homeowner,25127,82668,30.395074272995597
Ontario,2024-05-01,Rental,16190,84044,19.263719004331065
Ontario,2024-05-01,Condo,42860,84044,50.99709675884061
Ontario,2024-05-01,Homeowner,24994,84044,29.739184236828326
Ontario,2024-06-01,Rental,16501,79932,20.6437972276435
Ontario,2024-06-01,Condo,38839,79932,48.59005154381224
Ontario,2024-06-01,Homeowner,24592,79932,30.766151228544263
Ontario,2024-07-01,Rental,18479,80498,22.955849834778505
Ontario,2024-07-01,Condo,38112,80498,47.34527565902258
Ontario,2024-07-01,Homeowner,23907,80498,29.698874506198912
Ontario,2024-08-01,Rental,18717,78551,23.827831599852324
Ontario,2024-08-01,Condo,35786,78551,45.55766317424349
Ontario,2024-08-01,Homeowner,24048,78551,30.61450522590419
Ontario,2024-09-01,Rental,17820,75603,23.57049323439546
Ontario,2024-09-01,Condo,33749,75603,44.63976297236882
Ontario,2024-09-01,Homeowner,24034,75603,31.78974379323572
Ontario,2024-10-01,Rental,17524,72633,24.12677433122685
Ontario,2024-10-01,Condo,31336,72633,43.14292401525478
Ontario,2024-10-01,Homeowner,23773,72633,32.730301653518374
Ontario,2024-11-01,Rental,17384,72469,23.988188052822586
Ontario,2024-11-01,Condo,31004,72469,42.782431108473965
Ontario,2024-11-01,Homeowner,24081,72469,33.22938083870345
Ontario,2024-12-01,Rental,17912,72118,24.837072575501264
Ontario,2024-12-01,Condo,30208,72118,41.886907568152196
Ontario,2024-12-01,Homeowner,23998,72118,33.276019856346544
Ontario,2025-01-01,Rental,18452,70378,26.218420529142627
Ontario,2025-01-01,Condo,28093,70378,39.91730370286169
Ontario,2025-01-01,Homeowner,23833,70378,33.864275767995686
Ontario,2025-02-01,Rental,18157,67984,26.707754765827254
Ontario,2025-02-01,Condo,25999,67984,38.242821840433045
Ontario,2025-02-01,Homeowner,23828,67984,35.0494233937397
Ontario,2025-03-01,Rental,18063,65396,27.620955410116828
Ontario,2025-03-01,Condo,23872,65396,36.50376169796318
Ontario,2025-03-01,Homeowner,23461,65396,35.875282891919994
Ontario,2025-04-01,Rental,18773,65031,28.867770755485843
Ontario,2025-04-01,Condo,23003,65031,35.37236087404468
Ontario,2025-04-01,Homeowner,23255,65031,35.75986837046947
Ontario,2025-05-01,Rental,19190,63716,30.11802373030322
Ontario,2025-05-01,Condo,21982,63716,34.49996861071003
Ontario,2025-05-01,Homeowner,22544,63716,35.38200765898675
Ontario,2025-06-01,Rental,19927,63115,31.572526340806466
Ontario,2025-06-01,Condo,21001,63115,33.27418204864137
Ontario,2025-06-01,Homeowner,22187,63115,35.153291610552166
Ontario,2025-07-01,Rental,20122,60695,33.15264848834335
Ontario,2025-07-01,Condo,18636,60695,30.70434137902628
Ontario,2025-07-01,Homeowner,21937,60695,36.143010132630366
Ontario,2025-08-01,Rental,20825,60593,34.368656445464
Ontario,2025-08-01,Condo,18323,60593,30.239466605053387
Ontario,2025-08-01,Homeowner,21445,60593,35.391876949482615
Ontario,2025-09-01,Rental,22646,62101,36.46640150722211
Ontario,2025-09-01,Condo,19036,62101,30.6532906072366
Ontario,2025-09-01,Homeowner,20419,62101,32.88030788554129
Ontario,2025-10-01,Rental,22506,60375,37.27701863354037
Ontario,2025-10-01,Condo,17754,60375,29.406211180124224
Ontario,2025-10-01,Homeowner,20115,60375,33.316770186335404
Ontario,2025-11-01,Rental,24402,60070,40.62260695854836
Ontario,2025-11-01,Condo,16178,60070,26.93191276843682
Ontario,2025-11-01,Homeowner,19490,60070,32.445480273014816
Ontario,2025-12-01,Rental,24734,62561,39.53581304646665
Ontario,2025-12-01,Condo,18440,62561,29.475232173398762
Ontario,2025-12-01,Homeowner,19387,62561,30.988954780134588
Ontario,2026-01-01,Rental,25817,62935,41.02168904425201
Ontario,2026-01-01,Condo,17776,62935,28.24501469770398
Ontario,2026-01-01,Homeowner,19342,62935,30.733296258044014
Ontario,2026-02-01,Rental,26919,63485,42.40214223832402
Ontario,2026-02-01,Condo,17460,63485,27.50255965976215
Ontario,2026-02-01,Homeowner,19106,63485,30.095298101913837
Ontario,2026-03-01,Rental,28108,65366,43.00094850533917
Ontario,2026-03-01,Condo,17949,65366,27.459229568889025
Ontario,2026-03-01,Homeowner,19309,65366,29.539821925771808
Ontario,2026-04-01,Rental,30453,66741,45.628624084146175
Ontario,2026-04-01,Condo,17221,66741,25.80272995609895
Ontario,2026-04-01,Homeowner,19067,66741,28.568645959754875
Ontario,2026-05-01,Rental,32120,66548,48.26591332571979
Ontario,2026-05-01,Condo,15400,66548,23.14119132055058
Ontario,2026-05-01,Homeowner,19028,66548,28.59289535372964
Ontario,2026-06-01,Rental,32518,66493,48.90439595145354
Ontario,2026-06-01,Condo,14938,66493,22.46552268659859
Ontario,2026-06-01,Homeowner,19037,66493,28.630081361947873
Ontario,2026-07-01,Rental,31346,64735,48.42202826909709
Ontario,2026-07-01,Condo,13997,64735,21.621997373909014
Ontario,2026-07-01,Homeowner,19392,64735,29.9559743569939
Ontario,2026-08-01,Rental,31009,63513,48.823075590823926
Ontario,2026-08-01,Condo,13353,63513,21.024042322044306
Ontario,2026-08-01,Homeowner,19151,63513,30.152882087131765
Region,2021-09-01,Rental,944,4943,19.0977139389035
Region,2021-09-01,Condo,2100,4943,42.48432126239126
Region,2021-09-01,Homeowner,1899,4943,38.41796479870524
Region,2021-10-01,Rental,832,5303,15.689232509900055
Region,2021-10-01,Condo,2533,5303,47.76541580237602
Region,2021-10-01,Homeowner,1938,5303,36.54535168772393
Region,2021-11-01,Rental,978,5387,18.154817152403936
Region,2021-11-01,Condo,2593,5387,48.134397623909415
Region,2021-11-01,Homeowner,1816,5387,33.71078522368665
Region,2021-12-01,Rental,1082,5602,19.314530524812568
Region,2021-12-01,Condo,2768,5602,49.410924669760796
Region,2021-12-01,Homeowner,1752,5602,31.274544805426636
Region,2022-01-01,Rental,1082,4866,22.235922729140977
Region,2022-01-01,Condo,2208,4866,45.37607891491985
Region,2022-01-01,Homeowner,1576,4866,32.38799835593917
Region,2022-02-01,Rental,1142,4947,23.08469779664443
Region,2022-02-01,Condo,2206,4947,44.59268243379827
Region,2022-02-01,Homeowner,1599,4947,32.322619769557306
Region,2022-03-01,Rental,1358,4915,27.629704984740588
Region,2022-03-01,Condo,2031,4915,41.322482197355036
Region,2022-03-01,Homeowner,1526,4915,31.047812817904376
Region,2022-04-01,Rental,1188,4221,28.14498933901919
Region,2022-04-01,Condo,1561,4221,36.981757877280266
Region,2022-04-01,Homeowner,1472,4221,34.87325278370054
Region,2022-05-01,Rental,1069,3898,27.42432016418676
Region,2022-05-01,Condo,1341,3898,34.40225756798358
Region,2022-05-01,Homeowner,1488,3898,38.17342226782966
Region,2022-06-01,Rental,1148,4178,27.477261847774052
Region,2022-06-01,Condo,1370,4178,32.7908089995213
Region,2022-06-01,Homeowner,1660,4178,39.731929152704645
Region,2022-07-01,Rental,1057,4088,25.85616438356164
Region,2022-07-01,Condo,1370,4088,33.51272015655577
Region,2022-07-01,Homeowner,1661,4088,40.63111545988258
Region,2022-08-01,Rental,920,4032,22.817460317460316
Region,2022-08-01,Condo,1415,4032,35.09424603174603
Region,2022-08-01,Homeowner,1697,4032,42.08829365079365
Region,2022-09-01,Rental,869,4101,21.189953669836626
Region,2022-09-01,Condo,1469,4101,35.820531577663985
Region,2022-09-01,Homeowner,1763,4101,42.98951475249939
Region,2022-10-01,Rental,869,3957,21.961081627495577
Region,2022-10-01,Condo,1346,3957,34.0156684356836
Region,2022-10-01,Homeowner,1742,3957,44.023249936820825
Region,2022-11-01,Rental,897,4705,19.064824654622743
Region,2022-11-01,Condo,1932,4705,41.06269925611052
Region,2022-11-01,Homeowner,1876,4705,39.87247608926674
Region,2022-12-01,Rental,1211,4847,24.984526511244066
Region,2022-12-01,Condo,1940,4847,40.02475758200949
Region,2022-12-01,Homeowner,1696,4847,34.99071590674644
Region,2023-01-01,Rental,1353,5126,26.394849785407725
Region,2023-01-01,Condo,1978,5126,38.587592664845886
Region,2023-01-01,Homeowner,1795,5126,35.01755754974639
Region,2023-02-01,Rental,1375,5356,25.67214339058999
Region,2023-02-01,Condo,2145,5356,40.04854368932039
Region,2023-02-01,Homeowner,1836,5356,34.27931292008962
Region,2023-03-01,Rental,1161,5178,22.42178447276941
Region,2023-03-01,Condo,2128,5178,41.09694862881421
Region,2023-03-01,Homeowner,1889,5178,36.48126689841638
Region,2023-04-01,Rental,1161,5070,22.899408284023668
Region,2023-04-01,Condo,2115,5070,41.71597633136095
Region,2023-04-01,Homeowner,1794,5070,35.38461538461539
Region,2023-05-01,Rental,1167,5077,22.986015363403585
Region,2023-05-01,Condo,2144,5077,42.229663186921414
Region,2023-05-01,Homeowner,1766,5077,34.784321449675005
Region,2023-06-01,Rental,1004,4699,21.36624813790168
Region,2023-06-01,Condo,2085,4699,44.37114279633965
Region,2023-06-01,Homeowner,1610,4699,34.26260906575867
Region,2023-07-01,Rental,923,4584,20.13525305410122
Region,2023-07-01,Condo,2020,4584,44.06631762652705
Region,2023-07-01,Homeowner,1641,4584,35.79842931937173
Region,2023-08-01,Rental,930,4373,21.266864852504003
Region,2023-08-01,Condo,1818,4373,41.57329064715298
Region,2023-08-01,Homeowner,1625,4373,37.15984450034301
Region,2023-09-01,Rental,1274,4610,27.635574837310195
Region,2023-09-01,Condo,1738,4610,37.70065075921909
Region,2023-09-01,Homeowner,1598,4610,34.66377440347072
Region,2023-10-01,Rental,1344,4489,29.939852973936286
Region,2023-10-01,Condo,1527,4489,34.01648474047672
Region,2023-10-01,Homeowner,1618,4489,36.04366228558699
Region,2023-11-01,Rental,1355,3874,34.976768198244706
Region,2023-11-01,Condo,963,3874,24.858027878162105
Region,2023-11-01,Homeowner,1556,3874,40.16520392359318
Region,2023-12-01,Rental,1906,4712,40.449915110356535
Region,2023-12-01,Condo,1263,4712,26.80390492359932
Region,2023-12-01,Homeowner,1543,4712,32.74617996604414
Region,2024-01-01,Rental,1794,4507,39.804748169514085
Region,2024-01-01,Condo,1230,4507,27.290880852007987
Region,2024-01-01,Homeowner,1483,4507,32.90437097847793
Region,2024-02-01,Rental,1716,4262,40.262787423744726
Region,2024-02-01,Condo,1170,4262,27.451900516189582
Region,2024-02-01,Homeowner,1376,4262,32.2853120600657
Region,2024-03-01,Rental,1716,4235,40.519480519480524
Region,2024-03-01,Condo,1160,4235,27.390791027154666
Region,2024-03-01,Homeowner,1359,4235,32.08972845336482
Region,2024-04-01,Rental,1722,4648,37.04819277108434
Region,2024-04-01,Condo,1574,4648,33.86402753872633
Region,2024-04-01,Homeowner,1352,4648,29.08777969018933
Region,2024-05-01,Rental,1712,4497,38.069824327329336
Region,2024-05-01,Condo,1510,4497,33.57794084945519
Region,2024-05-01,Homeowner,1275,4497,28.35223482321548
Region,2024-06-01,Rental,2230,4919,45.33441756454564
Region,2024-06-01,Condo,1502,4919,30.534661516568406
Region,2024-06-01,Homeowner,1187,4919,24.130920918885952
Region,2024-07-01,Rental,2185,4875,44.82051282051282
Region,2024-07-01,Condo,1697,4875,34.810256410256414
Region,2024-07-01,Homeowner,993,4875,20.36923076923077
Region,2024-08-01,Rental,2268,5003,45.332800319808115
Region,2024-08-01,Condo,1837,5003,36.71796921846892
Region,2024-08-01,Homeowner,898,5003,17.94923046172297
Region,2024-09-01,Rental,1915,4608,41.55815972222222
Region,2024-09-01,Condo,1828,4608,39.67013888888889
Region,2024-09-01,Homeowner,865,4608,18.77170138888889
Region,2024-10-01,Rental,1913,4574,41.823349365981635
Region,2024-10-01,Condo,1899,4574,41.5172715347617
Region,2024-10-01,Homeowner,762,4574,16.659379099256668
Region,2024-11-01,Rental,1738,4255,40.846063454759104
Region,2024-11-01,Condo,1817,4255,42.7027027027027
Region,2024-11-01,Homeowner,700,4255,16.45123384253819
Region,2024-12-01,Rental,1335,3411,39.138082673702726
Region,2024-12-01,Condo,1362,3411,39.92963940193492
Region,2024-12-01,Homeowner,714,3411,20.932277924362356
Region,2025-01-01,Rental,1307,3426,38.149445417396386
Region,2025-01-01,Condo,1287,3426,37.56567425569177
Region,2025-01-01,Homeowner,832,3426,24.28488032691185
Region,2025-02-01,Rental,1584,3551,44.60715291467192
Region,2025-02-01,Condo,1168,3551,32.892143058293435
Region,2025-02-01,Homeowner,799,3551,22.500704027034637
Region,2025-03-01,Rental,1785,3793,47.06037437384656
Region,2025-03-01,Condo,1218,3793,32.111784866860006
Region,2025-03-01,Homeowner,790,3793,20.827840759293434
Region,2025-04-01,Rental,1916,3536,54.185520361990946
Region,2025-04-01,Condo,840,3536,23.755656108597282
Region,2025-04-01,Homeowner,780,3536,22.058823529411764
Region,2025-05-01,Rental,1916,3526,54.339194554736245
Region,2025-05-01,Condo,832,3526,23.596142938173568
Region,2025-05-01,Homeowner,778,3526,22.064662507090187
Region,2025-06-01,Rental,1409,3001,46.951016327890706
Region,2025-06-01,Condo,820,3001,27.324225258247253
Region,2025-06-01,Homeowner,772,3001,25.724758413862048
Region,2025-07-01,Rental,1417,3148,45.012706480304956
Region,2025-07-01,Condo,900,3148,28.589580686149933
Region,2025-07-01,Homeowner,831,3148,26.397712833545107
Region,2025-08-01,Rental,1852,3466,53.43335256780149
Region,2025-08-01,Condo,792,3466,22.85054818234276
Region,2025-08-01,Homeowner,822,3466,23.71609924985574
Region,2025-09-01,Rental,2067,4584,45.09162303664922
Region,2025-09-01,Condo,1693,4584,36.93280977312391
Region,2025-09-01,Homeowner,824,4584,17.975567190226876
Region,2025-10-01,Rental,2001,4403,45.446286622757206
Region,2025-10-01,Condo,1497,4403,33.99954576425165
Region,2025-10-01,Homeowner,905,4403,20.554167612991144
Region,2025-11-01,Rental,2023,4406,45.91466182478439
Region,2025-11-01,Condo,1497,4406,33.97639582387653
Region,2025-11-01,Homeowner,886,4406,20.10894235133908
Region,2025-12-01,Rental,1467,4306,34.06874129122155
Region,2025-12-01,Condo,1969,4306,45.726892707849515
Region,2025-12-01,Homeowner,870,4306,20.204366000928935
Region,2026-01-01,Rental,1549,4294,36.07359105728924
Region,2026-01-01,Condo,1979,4294,46.08756404285049
Region,2026-01-01,Homeowner,766,4294,17.83884489986027
Region,2026-02-01,Rental,2291,5040,45.45634920634921
Region,2026-02-01,Condo,1979,5040,39.26587301587301
Region,2026-02-01,Homeowner,770,5040,15.277777777777779
Region,2026-03-01,Rental,2098,4735,44.308342133051745
Region,2026-03-01,Condo,1900,4735,40.12671594508976
Region,2026-03-01,Homeowner,737,4735,15.5649419218585
Region,2026-04-01,Rental,2706,5335,50.72164948453608
Region,2026-04-01,Condo,1903,5335,35.670103092783506
Region,2026-04-01,Homeowner,726,5335,13.608247422680412
Region,2026-05-01,Rental,2937,5547,52.94753921038399
Region,2026-05-01,Condo,1891,5547,34.09049936902831
Region,2026-05-01,Homeowner,719,5547,12.961961420587706
Region,2026-06-01,Rental,2926,5571,52.521988870938785
Region,2026-06-01,Condo,1891,5571,33.943636690001796
Region,2026-06-01,Homeowner,754,5571,13.534374439059416
Region,2026-07-01,Rental,3020,5409,55.832871140691445
Region,2026-07-01,Condo,1609,5409,29.74671843224256
Region,2026-07-01,Homeowner,780,5409,14.420410427066003
Region,2026-08-01,Rental,2500,4862,51.41916906622789
Region,2026-08-01,Condo,1554,4862,31.962155491567255
Region,2026-08-01,Homeowner,808,4862,16.618675442204854
