offence_group,ucr_code,violation,region,year,incidents,incidents_per_100k,base_year,index
Assaults,1420,Assault with a weapon or causing bodily harm,Canada,1998,37302,123.69,1998,100
Assaults,1420,Assault with a weapon or causing bodily harm,Canada,1999,37501,123.34,1998,99.71703452178835
Assaults,1420,Assault with a weapon or causing bodily harm,Canada,2000,40686,132.58,1998,107.18732314657613
Assaults,1420,Assault with a weapon or causing bodily harm,Canada,2001,43094,138.93,1998,112.3211253941305
Assaults,1420,Assault with a weapon or causing bodily harm,Canada,2002,43793,139.67,1998,112.91939526234943
Assaults,1420,Assault with a weapon or causing bodily harm,Canada,2003,45222,142.93,1998,115.5550165736923
Assaults,1420,Assault with a weapon or causing bodily harm,Canada,2004,46643,146.03,1998,118.06128223785271
Assaults,1420,Assault with a weapon or causing bodily harm,Canada,2005,50356,156.17,1998,126.25919637804186
Assaults,1420,Assault with a weapon or causing bodily harm,Canada,2006,53357,163.82,1998,132.44401325895382
Assaults,1420,Assault with a weapon or causing bodily harm,Canada,2007,54788,166.59,1998,134.68348290080039
Assaults,1420,Assault with a weapon or causing bodily harm,Canada,2008,54826,164.91,1998,133.32524860538444
Assaults,1420,Assault with a weapon or causing bodily harm,Canada,2009,53383,158.74,1998,128.33697146091035
Assaults,1420,Assault with a weapon or causing bodily harm,Canada,2010,51955,152.79,1998,123.52655833131215
Assaults,1420,Assault with a weapon or causing bodily harm,Canada,2011,50431,146.86,1998,118.73231465761178
Assaults,1420,Assault with a weapon or causing bodily harm,Canada,2012,49807,143.48,1998,115.99967661088203
Assaults,1420,Assault with a weapon or causing bodily harm,Canada,2013,46019,131.17,1998,106.04737650578058
Assaults,1420,Assault with a weapon or causing bodily harm,Canada,2014,45096,127.26,1998,102.88624787775893
Assaults,1420,Assault with a weapon or causing bodily harm,Canada,2015,47388,132.73,1998,107.30859406580969
Assaults,1420,Assault with a weapon or causing bodily harm,Canada,2016,49945,138.31,1998,111.81987226129841
Assaults,1420,Assault with a weapon or causing bodily harm,Canada,2017,52140,142.67,1998,115.34481364702076
Assaults,1420,Assault with a weapon or causing bodily harm,Canada,2018,54218,146.25,1998,118.2391462527286
Assaults,1420,Assault with a weapon or causing bodily harm,Canada,2019,59704,158.71,1998,128.31271727706363
Assaults,1420,Assault with a weapon or causing bodily harm,Canada,2020,65501,172.24,1998,139.25135419193145
Assaults,1420,Assault with a weapon or causing bodily harm,Canada,2021,71274,186.39,1998,150.69124423963135
Assaults,1420,Assault with a weapon or causing bodily harm,Canada,2022,77187,198.17,1998,160.21505376344086
Assaults,1420,Assault with a weapon or causing bodily harm,Canada,2023,85497,213.48,1998,172.59277225321367
Assaults,1420,Assault with a weapon or causing bodily harm,Canada,2024,88436,214.33,1998,173.27997412887058
Assaults,1420,Assault with a weapon or causing bodily harm,Canada,2025,89214,214.19,1998,173.16678793758592
Assaults,1420,Assault with a weapon or causing bodily harm,Ontario,1998,12782,112.45,1998,100
Assaults,1420,Assault with a weapon or causing bodily harm,Ontario,1999,12961,112.64,1998,100.16896398399288
Assaults,1420,Assault with a weapon or causing bodily harm,Ontario,2000,13935,119.25,1998,106.04713205869274
Assaults,1420,Assault with a weapon or causing bodily harm,Ontario,2001,14839,124.73,1998,110.92040907069808
Assaults,1420,Assault with a weapon or causing bodily harm,Ontario,2002,14941,123.57,1998,109.8888394842152
Assaults,1420,Assault with a weapon or causing bodily harm,Ontario,2003,14627,119.48,1998,106.25166740773678
Assaults,1420,Assault with a weapon or causing bodily harm,Ontario,2004,14616,117.96,1998,104.89995553579368
Assaults,1420,Assault with a weapon or causing bodily harm,Ontario,2005,15183,121.19,1998,107.77234326367274
Assaults,1420,Assault with a weapon or causing bodily harm,Ontario,2006,15462,122.12,1998,108.59937750111162
Assaults,1420,Assault with a weapon or causing bodily harm,Ontario,2007,15538,121.73,1998,108.25255669186305
Assaults,1420,Assault with a weapon or causing bodily harm,Ontario,2008,14862,115.36,1998,102.58781680746998
Assaults,1420,Assault with a weapon or causing bodily harm,Ontario,2009,14416,110.91,1998,98.63050244553135
Assaults,1420,Assault with a weapon or causing bodily harm,Ontario,2010,14197,108.08,1998,96.11382836816362
Assaults,1420,Assault with a weapon or causing bodily harm,Ontario,2011,13580,102.4,1998,91.06269453090262
Assaults,1420,Assault with a weapon or causing bodily harm,Ontario,2012,13225,98.76,1998,87.82570031124945
Assaults,1420,Assault with a weapon or causing bodily harm,Ontario,2013,12147,89.91,1998,79.95553579368607
Assaults,1420,Assault with a weapon or causing bodily harm,Ontario,2014,11777,86.48,1998,76.90529124055135
Assaults,1420,Assault with a weapon or causing bodily harm,Ontario,2015,12304,89.76,1998,79.82214317474433
Assaults,1420,Assault with a weapon or causing bodily harm,Ontario,2016,13343,96.16,1998,85.51356158292573
Assaults,1420,Assault with a weapon or causing bodily harm,Ontario,2017,14274,101.39,1998,90.16451756336149
Assaults,1420,Assault with a weapon or causing bodily harm,Ontario,2018,15390,107.42,1998,95.52690084481992
Assaults,1420,Assault with a weapon or causing bodily harm,Ontario,2019,15959,109.51,1998,97.38550466874166
Assaults,1420,Assault with a weapon or causing bodily harm,Ontario,2020,17327,117.38,1998,104.38417074255224
Assaults,1420,Assault with a weapon or causing bodily harm,Ontario,2021,19031,128.22,1998,114.0240106714095
Assaults,1420,Assault with a weapon or causing bodily harm,Ontario,2022,21319,140.67,1998,125.09559804357491
Assaults,1420,Assault with a weapon or causing bodily harm,Ontario,2023,23827,152.42,1998,135.54468652734548
Assaults,1420,Assault with a weapon or causing bodily harm,Ontario,2024,25617,158.67,1998,141.10271231658513
Assaults,1420,Assault with a weapon or causing bodily harm,Ontario,2025,25838,158.92,1998,141.3250333481547
Assaults,1420,Assault with a weapon or causing bodily harm,Region,1998,458,106.2,1998,100
Assaults,1420,Assault with a weapon or causing bodily harm,Region,1999,420,95.65,1998,90.06591337099812
Assaults,1420,Assault with a weapon or causing bodily harm,Region,2000,404,90.17,1998,84.90583804143125
Assaults,1420,Assault with a weapon or causing bodily harm,Region,2001,421,92.25,1998,86.86440677966102
Assaults,1420,Assault with a weapon or causing bodily harm,Region,2002,408,87.92,1998,82.78719397363466
Assaults,1420,Assault with a weapon or causing bodily harm,Region,2003,411,87.39,1998,82.28813559322033
Assaults,1420,Assault with a weapon or causing bodily harm,Region,2004,519,107.89,1998,101.59133709981167
Assaults,1420,Assault with a weapon or causing bodily harm,Region,2005,530,108.37,1998,102.04331450094162
Assaults,1420,Assault with a weapon or causing bodily harm,Region,2006,704,141.22,1998,132.97551789077212
Assaults,1420,Assault with a weapon or causing bodily harm,Region,2007,629,125.08,1998,117.77777777777779
Assaults,1420,Assault with a weapon or causing bodily harm,Region,2008,626,123.15,1998,115.96045197740112
Assaults,1420,Assault with a weapon or causing bodily harm,Region,2009,616,120.21,1998,113.19209039548022
Assaults,1420,Assault with a weapon or causing bodily harm,Region,2010,732,141.39,1998,133.13559322033896
Assaults,1420,Assault with a weapon or causing bodily harm,Region,2011,695,132.71,1998,124.96233521657251
Assaults,1420,Assault with a weapon or causing bodily harm,Region,2012,669,126.53,1998,119.14312617702447
Assaults,1420,Assault with a weapon or causing bodily harm,Region,2013,590,110.65,1998,104.19020715630884
Assaults,1420,Assault with a weapon or causing bodily harm,Region,2014,522,97.17,1998,91.49717514124293
Assaults,1420,Assault with a weapon or causing bodily harm,Region,2015,574,105.89,1998,99.70809792843691
Assaults,1420,Assault with a weapon or causing bodily harm,Region,2016,636,114.96,1998,108.24858757062145
Assaults,1420,Assault with a weapon or causing bodily harm,Region,2017,777,137.4,1998,129.3785310734463
Assaults,1420,Assault with a weapon or causing bodily harm,Region,2018,862,148.58,1998,139.90583804143125
Assaults,1420,Assault with a weapon or causing bodily harm,Region,2019,1025,172.4,1998,162.33521657250472
Assaults,1420,Assault with a weapon or causing bodily harm,Region,2020,1109,182.73,1998,172.06214689265536
Assaults,1420,Assault with a weapon or causing bodily harm,Region,2021,1362,221.73,1998,208.78531073446328
Assaults,1420,Assault with a weapon or causing bodily harm,Region,2022,1552,242.77,1998,228.59698681732579
Assaults,1420,Assault with a weapon or causing bodily harm,Region,2023,1619,239.7,1998,225.70621468926552
Assaults,1420,Assault with a weapon or causing bodily harm,Region,2024,1530,215.5,1998,202.9190207156309
Assaults,1420,Assault with a weapon or causing bodily harm,Region,2025,1681,236.28,1998,222.4858757062147
Assaults,135,Assaults against a peace officer,Canada,1998,6821,22.62,1998,100
Assaults,135,Assaults against a peace officer,Canada,1999,7224,23.76,1998,105.03978779840848
Assaults,135,Assaults against a peace officer,Canada,2000,7616,24.82,1998,109.72590627763041
Assaults,135,Assaults against a peace officer,Canada,2001,8179,26.37,1998,116.57824933687002
Assaults,135,Assaults against a peace officer,Canada,2002,8508,27.14,1998,119.98231653404068
Assaults,135,Assaults against a peace officer,Canada,2003,8868,28.03,1998,123.91688770999116
Assaults,135,Assaults against a peace officer,Canada,2004,9089,28.46,1998,125.81786030061892
Assaults,135,Assaults against a peace officer,Canada,2005,9534,29.57,1998,130.72502210433245
Assaults,135,Assaults against a peace officer,Canada,2006,9593,29.45,1998,130.1945181255526
Assaults,135,Assaults against a peace officer,Canada,2007,9873,30.02,1998,132.71441202475685
Assaults,135,Assaults against a peace officer,Canada,2008,9806,29.5,1998,130.4155614500442
Assaults,135,Assaults against a peace officer,Canada,2009,11837,35.2,1998,155.61450044208664
Assaults,135,Assaults against a peace officer,Canada,2010,15913,46.8,1998,206.8965517241379
Assaults,135,Assaults against a peace officer,Canada,2011,11424,33.27,1998,147.08222811671087
Assaults,135,Assaults against a peace officer,Canada,2012,10776,31.04,1998,137.2236958443855
Assaults,135,Assaults against a peace officer,Canada,2013,9826,28.01,1998,123.82847038019452
Assaults,135,Assaults against a peace officer,Canada,2014,9557,26.97,1998,119.23076923076923
Assaults,135,Assaults against a peace officer,Canada,2015,9872,27.65,1998,122.23695844385499
Assaults,135,Assaults against a peace officer,Canada,2016,10406,28.82,1998,127.40937223695843
Assaults,135,Assaults against a peace officer,Canada,2017,10965,30,1998,132.6259946949602
Assaults,135,Assaults against a peace officer,Canada,2018,11751,31.7,1998,140.1414677276746
Assaults,135,Assaults against a peace officer,Canada,2019,12222,32.49,1998,143.6339522546419
Assaults,135,Assaults against a peace officer,Canada,2020,12285,32.3,1998,142.7939876215738
Assaults,135,Assaults against a peace officer,Canada,2021,12461,32.59,1998,144.07603890362512
Assaults,135,Assaults against a peace officer,Canada,2022,12774,32.8,1998,145.00442086648982
Assaults,135,Assaults against a peace officer,Canada,2023,13810,34.48,1998,152.43147656940758
Assaults,135,Assaults against a peace officer,Canada,2024,14328,34.72,1998,153.49248452696727
Assaults,135,Assaults against a peace officer,Canada,2025,13710,32.92,1998,145.53492484526967
Assaults,135,Assaults against a peace officer,Ontario,1998,2015,17.73,1998,100
Assaults,135,Assaults against a peace officer,Ontario,1999,2148,18.67,1998,105.30174844895657
Assaults,135,Assaults against a peace officer,Ontario,2000,2418,20.69,1998,116.69486745628879
Assaults,135,Assaults against a peace officer,Ontario,2001,2336,19.64,1998,110.7727016356458
Assaults,135,Assaults against a peace officer,Ontario,2002,2482,20.53,1998,115.79244218838127
Assaults,135,Assaults against a peace officer,Ontario,2003,2554,20.86,1998,117.65369430344049
Assaults,135,Assaults against a peace officer,Ontario,2004,2604,21.02,1998,118.55611957134799
Assaults,135,Assaults against a peace officer,Ontario,2005,3011,24.03,1998,135.53299492385787
Assaults,135,Assaults against a peace officer,Ontario,2006,2858,22.57,1998,127.29836435420192
Assaults,135,Assaults against a peace officer,Ontario,2007,2913,22.82,1998,128.7084038353074
Assaults,135,Assaults against a peace officer,Ontario,2008,2844,22.08,1998,124.53468697123517
Assaults,135,Assaults against a peace officer,Ontario,2009,3112,23.94,1998,135.0253807106599
Assaults,135,Assaults against a peace officer,Ontario,2010,3557,27.08,1998,152.7354765933446
Assaults,135,Assaults against a peace officer,Ontario,2011,3329,25.1,1998,141.56796390298928
Assaults,135,Assaults against a peace officer,Ontario,2012,2802,20.93,1998,118.04850535815001
Assaults,135,Assaults against a peace officer,Ontario,2013,2602,19.26,1998,108.6294416243655
Assaults,135,Assaults against a peace officer,Ontario,2014,2482,18.23,1998,102.82007896221094
Assaults,135,Assaults against a peace officer,Ontario,2015,2406,17.55,1998,98.98477157360406
Assaults,135,Assaults against a peace officer,Ontario,2016,2639,19.02,1998,107.27580372250422
Assaults,135,Assaults against a peace officer,Ontario,2017,2867,20.36,1998,114.83361534122956
Assaults,135,Assaults against a peace officer,Ontario,2018,3263,22.78,1998,128.48279751833053
Assaults,135,Assaults against a peace officer,Ontario,2019,3325,22.82,1998,128.7084038353074
Assaults,135,Assaults against a peace officer,Ontario,2020,3289,22.28,1998,125.66271855611957
Assaults,135,Assaults against a peace officer,Ontario,2021,3282,22.11,1998,124.70389170896784
Assaults,135,Assaults against a peace officer,Ontario,2022,3426,22.61,1998,127.52397067117877
Assaults,135,Assaults against a peace officer,Ontario,2023,3695,23.64,1998,133.33333333333331
Assaults,135,Assaults against a peace officer,Ontario,2024,3739,23.16,1998,130.62605752961082
Assaults,135,Assaults against a peace officer,Ontario,2025,3643,22.41,1998,126.3959390862944
Assaults,135,Assaults against a peace officer,Region,1998,48,11.13,1998,100
Assaults,135,Assaults against a peace officer,Region,1999,68,15.49,1998,139.17340521114104
Assaults,135,Assaults against a peace officer,Region,2000,75,16.74,1998,150.4043126684636
Assaults,135,Assaults against a peace officer,Region,2001,38,8.33,1998,74.84276729559748
Assaults,135,Assaults against a peace officer,Region,2002,33,7.11,1998,63.881401617250674
Assaults,135,Assaults against a peace officer,Region,2003,16,3.4,1998,30.54806828391734
Assaults,135,Assaults against a peace officer,Region,2004,123,25.57,1998,229.73944294699012
Assaults,135,Assaults against a peace officer,Region,2005,117,23.92,1998,214.91464510332437
Assaults,135,Assaults against a peace officer,Region,2006,87,17.45,1998,156.7834681042228
Assaults,135,Assaults against a peace officer,Region,2007,105,20.88,1998,187.60107816711587
Assaults,135,Assaults against a peace officer,Region,2008,83,16.33,1998,146.7205750224618
Assaults,135,Assaults against a peace officer,Region,2009,85,16.59,1998,149.0566037735849
Assaults,135,Assaults against a peace officer,Region,2010,93,17.96,1998,161.36567834681043
Assaults,135,Assaults against a peace officer,Region,2011,97,18.52,1998,166.39712488769092
Assaults,135,Assaults against a peace officer,Region,2012,87,16.45,1998,147.79874213836476
Assaults,135,Assaults against a peace officer,Region,2013,100,18.76,1998,168.55345911949686
Assaults,135,Assaults against a peace officer,Region,2014,79,14.71,1998,132.1653189577718
Assaults,135,Assaults against a peace officer,Region,2015,94,17.34,1998,155.79514824797843
Assaults,135,Assaults against a peace officer,Region,2016,112,20.24,1998,181.85085354896674
Assaults,135,Assaults against a peace officer,Region,2017,131,23.16,1998,208.0862533692722
Assaults,135,Assaults against a peace officer,Region,2018,139,23.96,1998,215.27403414195865
Assaults,135,Assaults against a peace officer,Region,2019,112,18.84,1998,169.2722371967655
Assaults,135,Assaults against a peace officer,Region,2020,110,18.12,1998,162.8032345013477
Assaults,135,Assaults against a peace officer,Region,2021,115,18.72,1998,168.1940700808625
Assaults,135,Assaults against a peace officer,Region,2022,181,28.31,1998,254.3575920934411
Assaults,135,Assaults against a peace officer,Region,2023,173,25.61,1998,230.0988319856244
Assaults,135,Assaults against a peace officer,Region,2024,112,15.78,1998,141.7789757412399
Assaults,135,Assaults against a peace officer,Region,2025,145,20.38,1998,183.10871518418685
Assaults,1410,Aggravated assault,Canada,1998,2625,8.7,1998,100
Assaults,1410,Aggravated assault,Canada,1999,2517,8.28,1998,95.17241379310344
Assaults,1410,Aggravated assault,Canada,2000,2566,8.36,1998,96.0919540229885
Assaults,1410,Aggravated assault,Canada,2001,2716,8.76,1998,100.6896551724138
Assaults,1410,Aggravated assault,Canada,2002,2732,8.71,1998,100.11494252873565
Assaults,1410,Aggravated assault,Canada,2003,2913,9.21,1998,105.86206896551727
Assaults,1410,Aggravated assault,Canada,2004,2733,8.56,1998,98.39080459770116
Assaults,1410,Aggravated assault,Canada,2005,3095,9.6,1998,110.34482758620689
Assaults,1410,Aggravated assault,Canada,2006,3352,10.29,1998,118.27586206896552
Assaults,1410,Aggravated assault,Canada,2007,3481,10.58,1998,121.60919540229887
Assaults,1410,Aggravated assault,Canada,2008,3593,10.81,1998,124.25287356321842
Assaults,1410,Aggravated assault,Canada,2009,3619,10.76,1998,123.67816091954025
Assaults,1410,Aggravated assault,Canada,2010,3481,10.24,1998,117.70114942528738
Assaults,1410,Aggravated assault,Canada,2011,3526,10.27,1998,118.04597701149426
Assaults,1410,Aggravated assault,Canada,2012,3532,10.17,1998,116.89655172413794
Assaults,1410,Aggravated assault,Canada,2013,3241,9.24,1998,106.20689655172416
Assaults,1410,Aggravated assault,Canada,2014,3273,9.24,1998,106.20689655172416
Assaults,1410,Aggravated assault,Canada,2015,3320,9.3,1998,106.89655172413795
Assaults,1410,Aggravated assault,Canada,2016,3466,9.6,1998,110.34482758620689
Assaults,1410,Aggravated assault,Canada,2017,3584,9.81,1998,112.75862068965519
Assaults,1410,Aggravated assault,Canada,2018,3584,9.67,1998,111.14942528735634
Assaults,1410,Aggravated assault,Canada,2019,3973,10.56,1998,121.3793103448276
Assaults,1410,Aggravated assault,Canada,2020,3878,10.2,1998,117.24137931034484
Assaults,1410,Aggravated assault,Canada,2021,3960,10.36,1998,119.08045977011494
Assaults,1410,Aggravated assault,Canada,2022,4218,10.83,1998,124.48275862068967
Assaults,1410,Aggravated assault,Canada,2023,4476,11.18,1998,128.50574712643677
Assaults,1410,Aggravated assault,Canada,2024,4339,10.52,1998,120.91954022988507
Assaults,1410,Aggravated assault,Canada,2025,4067,9.76,1998,112.18390804597702
Assaults,1410,Aggravated assault,Ontario,1998,1069,9.4,1998,100
Assaults,1410,Aggravated assault,Ontario,1999,1047,9.1,1998,96.80851063829786
Assaults,1410,Aggravated assault,Ontario,2000,1101,9.42,1998,100.21276595744682
Assaults,1410,Aggravated assault,Ontario,2001,1089,9.15,1998,97.3404255319149
Assaults,1410,Aggravated assault,Ontario,2002,1085,8.97,1998,95.42553191489363
Assaults,1410,Aggravated assault,Ontario,2003,1163,9.5,1998,101.06382978723406
Assaults,1410,Aggravated assault,Ontario,2004,950,7.67,1998,81.59574468085106
Assaults,1410,Aggravated assault,Ontario,2005,1178,9.4,1998,100
Assaults,1410,Aggravated assault,Ontario,2006,1310,10.35,1998,110.10638297872339
Assaults,1410,Aggravated assault,Ontario,2007,1243,9.74,1998,103.61702127659574
Assaults,1410,Aggravated assault,Ontario,2008,1303,10.11,1998,107.5531914893617
Assaults,1410,Aggravated assault,Ontario,2009,1203,9.26,1998,98.51063829787233
Assaults,1410,Aggravated assault,Ontario,2010,1113,8.47,1998,90.1063829787234
Assaults,1410,Aggravated assault,Ontario,2011,1075,8.11,1998,86.27659574468083
Assaults,1410,Aggravated assault,Ontario,2012,1085,8.1,1998,86.17021276595744
Assaults,1410,Aggravated assault,Ontario,2013,1021,7.56,1998,80.42553191489361
Assaults,1410,Aggravated assault,Ontario,2014,992,7.28,1998,77.4468085106383
Assaults,1410,Aggravated assault,Ontario,2015,1015,7.4,1998,78.72340425531915
Assaults,1410,Aggravated assault,Ontario,2016,1070,7.71,1998,82.02127659574468
Assaults,1410,Aggravated assault,Ontario,2017,1079,7.66,1998,81.48936170212767
Assaults,1410,Aggravated assault,Ontario,2018,1054,7.36,1998,78.29787234042553
Assaults,1410,Aggravated assault,Ontario,2019,1134,7.78,1998,82.76595744680851
Assaults,1410,Aggravated assault,Ontario,2020,1043,7.07,1998,75.2127659574468
Assaults,1410,Aggravated assault,Ontario,2021,1058,7.13,1998,75.85106382978724
Assaults,1410,Aggravated assault,Ontario,2022,1017,6.71,1998,71.38297872340425
Assaults,1410,Aggravated assault,Ontario,2023,1116,7.14,1998,75.95744680851062
Assaults,1410,Aggravated assault,Ontario,2024,1019,6.31,1998,67.12765957446808
Assaults,1410,Aggravated assault,Ontario,2025,954,5.87,1998,62.4468085106383
Assaults,1410,Aggravated assault,Region,1998,26,6.03,1998,100
Assaults,1410,Aggravated assault,Region,1999,27,6.15,1998,101.99004975124377
Assaults,1410,Aggravated assault,Region,2000,24,5.36,1998,88.8888888888889
Assaults,1410,Aggravated assault,Region,2001,23,5.04,1998,83.5820895522388
Assaults,1410,Aggravated assault,Region,2002,27,5.82,1998,96.51741293532339
Assaults,1410,Aggravated assault,Region,2003,32,6.8,1998,112.76948590381426
Assaults,1410,Aggravated assault,Region,2004,31,6.44,1998,106.79933665008292
Assaults,1410,Aggravated assault,Region,2005,20,4.09,1998,67.82752902155886
Assaults,1410,Aggravated assault,Region,2006,43,8.63,1998,143.11774461028193
Assaults,1410,Aggravated assault,Region,2007,32,6.36,1998,105.47263681592041
Assaults,1410,Aggravated assault,Region,2008,37,7.28,1998,120.7296849087894
Assaults,1410,Aggravated assault,Region,2009,44,8.59,1998,142.45439469320064
Assaults,1410,Aggravated assault,Region,2010,37,7.15,1998,118.5737976782753
Assaults,1410,Aggravated assault,Region,2011,29,5.54,1998,91.87396351575455
Assaults,1410,Aggravated assault,Region,2012,25,4.73,1998,78.44112769485905
Assaults,1410,Aggravated assault,Region,2013,34,6.38,1998,105.80431177446101
Assaults,1410,Aggravated assault,Region,2014,33,6.14,1998,101.82421227197345
Assaults,1410,Aggravated assault,Region,2015,33,6.09,1998,100.99502487562188
Assaults,1410,Aggravated assault,Region,2016,27,4.88,1998,80.92868988391376
Assaults,1410,Aggravated assault,Region,2017,39,6.9,1998,114.42786069651743
Assaults,1410,Aggravated assault,Region,2018,33,5.69,1998,94.3615257048093
Assaults,1410,Aggravated assault,Region,2019,54,9.08,1998,150.58043117744612
Assaults,1410,Aggravated assault,Region,2020,39,6.43,1998,106.6334991708126
Assaults,1410,Aggravated assault,Region,2021,50,8.14,1998,134.99170812603649
Assaults,1410,Aggravated assault,Region,2022,45,7.04,1998,116.74958540630183
Assaults,1410,Aggravated assault,Region,2023,41,6.07,1998,100.66334991708126
Assaults,1410,Aggravated assault,Region,2024,30,4.23,1998,70.1492537313433
Assaults,1410,Aggravated assault,Region,2025,28,3.94,1998,65.33996683250413
Assaults,1430,Assault,Canada,1998,183999,610.14,1998,100
Assaults,1430,Assault,Canada,1999,181330,596.4,1998,97.74805782279476
Assaults,1430,Assault,Canada,2000,190467,620.64,1998,101.72091651096468
Assaults,1430,Assault,Canada,2001,191147,616.23,1998,100.99813157635953
Assaults,1430,Assault,Canada,2002,189185,603.39,1998,98.89369652866556
Assaults,1430,Assault,Canada,2003,188667,596.3,1998,97.73166814173796
Assaults,1430,Assault,Canada,2004,184883,578.83,1998,94.86839086111385
Assaults,1430,Assault,Canada,2005,183231,568.24,1998,93.13272363719803
Assaults,1430,Assault,Canada,2006,183920,564.68,1998,92.54925099157569
Assaults,1430,Assault,Canada,2007,180790,549.72,1998,90.09735470547744
Assaults,1430,Assault,Canada,2008,181013,544.47,1998,89.23689644999509
Assaults,1430,Assault,Canada,2009,180564,536.94,1998,88.00275346641754
Assaults,1430,Assault,Canada,2010,175289,515.48,1998,84.48552791162685
Assaults,1430,Assault,Canada,2011,173099,504.08,1998,82.6171042711509
Assaults,1430,Assault,Canada,2012,170291,490.55,1998,80.39958042416495
Assaults,1430,Assault,Canada,2013,158259,451.1,1998,73.93385124725474
Assaults,1430,Assault,Canada,2014,153832,434.09,1998,71.14596649949192
Assaults,1430,Assault,Canada,2015,157046,439.87,1998,72.09329006457534
Assaults,1430,Assault,Canada,2016,159592,441.95,1998,72.43419543055693
Assaults,1430,Assault,Canada,2017,163279,446.79,1998,73.22745599370637
Assaults,1430,Assault,Canada,2018,170138,458.93,1998,75.21716327400269
Assaults,1430,Assault,Canada,2019,188186,500.25,1998,81.98937948667519
Assaults,1430,Assault,Canada,2020,178952,470.57,1998,77.12492214901499
Assaults,1430,Assault,Canada,2021,185199,484.31,1998,79.37686432622021
Assaults,1430,Assault,Canada,2022,196990,505.75,1998,82.89081194479955
Assaults,1430,Assault,Canada,2023,209899,524.1,1998,85.89831841872358
Assaults,1430,Assault,Canada,2024,216989,525.88,1998,86.19005474153472
Assaults,1430,Assault,Canada,2025,219951,528.07,1998,86.5489887566788
Assaults,1430,Assault,Ontario,1998,64101,563.92,1998,100
Assaults,1430,Assault,Ontario,1999,61431,533.89,1998,94.67477656405164
Assaults,1430,Assault,Ontario,2000,64941,555.75,1998,98.55121293800539
Assaults,1430,Assault,Ontario,2001,65069,546.95,1998,96.99070790183006
Assaults,1430,Assault,Ontario,2002,61356,507.45,1998,89.98616825081572
Assaults,1430,Assault,Ontario,2003,56893,464.73,1998,82.41062562065542
Assaults,1430,Assault,Ontario,2004,54313,438.34,1998,77.73088381330685
Assaults,1430,Assault,Ontario,2005,54311,433.5,1998,76.87260604341041
Assaults,1430,Assault,Ontario,2006,55286,436.64,1998,77.42942261313662
Assaults,1430,Assault,Ontario,2007,53939,422.58,1998,74.93616115761101
Assaults,1430,Assault,Ontario,2008,53249,413.34,1998,73.2976308696269
Assaults,1430,Assault,Ontario,2009,51251,394.31,1998,69.92303872889772
Assaults,1430,Assault,Ontario,2010,50892,387.45,1998,68.70655412115194
Assaults,1430,Assault,Ontario,2011,50398,380.04,1998,67.3925379486452
Assaults,1430,Assault,Ontario,2012,48223,360.12,1998,63.86012200312101
Assaults,1430,Assault,Ontario,2013,45707,338.3,1998,59.99077883387716
Assaults,1430,Assault,Ontario,2014,44393,326,1998,57.80961838558662
Assaults,1430,Assault,Ontario,2015,44546,324.98,1998,57.628741665484476
Assaults,1430,Assault,Ontario,2016,45501,327.9,1998,58.14654560930629
Assaults,1430,Assault,Ontario,2017,47488,337.31,1998,59.81522201730742
Assaults,1430,Assault,Ontario,2018,51217,357.49,1998,63.39374379344589
Assaults,1430,Assault,Ontario,2019,53966,370.3,1998,65.66534260178749
Assaults,1430,Assault,Ontario,2020,48565,328.99,1998,58.339835437650734
Assaults,1430,Assault,Ontario,2021,50709,341.65,1998,60.584834728330264
Assaults,1430,Assault,Ontario,2022,54586,360.16,1998,63.86721520783091
Assaults,1430,Assault,Ontario,2023,60616,387.76,1998,68.76152645765357
Assaults,1430,Assault,Ontario,2024,63958,396.15,1998,70.24932614555256
Assaults,1430,Assault,Ontario,2025,64858,398.92,1998,70.74053057171231
Assaults,1430,Assault,Region,1998,2229,516.85,1998,100
Assaults,1430,Assault,Region,1999,1770,403.09,1998,77.9897455741511
Assaults,1430,Assault,Region,2000,1892,422.29,1998,81.70455644771211
Assaults,1430,Assault,Region,2001,1789,392.02,1998,75.84792492986358
Assaults,1430,Assault,Region,2002,1565,337.25,1998,65.25103995356486
Assaults,1430,Assault,Region,2003,1517,322.57,1998,62.41075747315469
Assaults,1430,Assault,Region,2004,1579,328.24,1998,63.507787559253174
Assaults,1430,Assault,Region,2005,1449,296.28,1998,57.32417529263809
Assaults,1430,Assault,Region,2006,1700,341.02,1998,65.9804585469672
Assaults,1430,Assault,Region,2007,1577,313.6,1998,60.675244268162906
Assaults,1430,Assault,Region,2008,1676,329.71,1998,63.79220276676018
Assaults,1430,Assault,Region,2009,1905,371.75,1998,71.92609074199477
Assaults,1430,Assault,Region,2010,1944,375.49,1998,72.64970494340717
Assaults,1430,Assault,Region,2011,1982,378.46,1998,73.22433975041113
Assaults,1430,Assault,Region,2012,1934,365.79,1998,70.77295153332689
Assaults,1430,Assault,Region,2013,1778,333.46,1998,64.51775176550257
Assaults,1430,Assault,Region,2014,1667,310.32,1998,60.04063074392957
Assaults,1430,Assault,Region,2015,1731,319.32,1998,61.781948340911285
Assaults,1430,Assault,Region,2016,1815,328.07,1998,63.47489600464351
Assaults,1430,Assault,Region,2017,2165,382.84,1998,74.07178098094224
Assaults,1430,Assault,Region,2018,2620,451.61,1998,87.37738221921254
Assaults,1430,Assault,Region,2019,3041,511.47,1998,98.95907903647092
Assaults,1430,Assault,Region,2020,3211,529.07,1998,102.36432233723518
Assaults,1430,Assault,Region,2021,3289,535.43,1998,103.59485343910224
Assaults,1430,Assault,Region,2022,3316,518.7,1998,100.35793750604624
Assaults,1430,Assault,Region,2023,3576,529.43,1998,102.43397504111442
Assaults,1430,Assault,Region,2024,3881,546.64,1998,105.76376124600948
Assaults,1430,Assault,Region,2025,3811,535.66,1998,103.63935377769178
Assaults,140,Other assaults,Canada,1998,5484,18.18,1998,100
Assaults,140,Other assaults,Canada,1999,5080,16.71,1998,91.91419141914193
Assaults,140,Other assaults,Canada,2000,4586,14.94,1998,82.17821782178217
Assaults,140,Other assaults,Canada,2001,4247,13.69,1998,75.3025302530253
Assaults,140,Other assaults,Canada,2002,4067,12.97,1998,71.34213421342135
Assaults,140,Other assaults,Canada,2003,3778,11.94,1998,65.67656765676567
Assaults,140,Other assaults,Canada,2004,3713,11.62,1998,63.91639163916392
Assaults,140,Other assaults,Canada,2005,3257,10.1,1998,55.55555555555556
Assaults,140,Other assaults,Canada,2006,3472,10.66,1998,58.63586358635864
Assaults,140,Other assaults,Canada,2007,4011,12.2,1998,67.1067106710671
Assaults,140,Other assaults,Canada,2008,3875,11.66,1998,64.13641364136414
Assaults,140,Other assaults,Canada,2009,3427,10.19,1998,56.05060506050605
Assaults,140,Other assaults,Canada,2010,3281,9.65,1998,53.08030803080308
Assaults,140,Other assaults,Canada,2011,2986,8.7,1998,47.85478547854785
Assaults,140,Other assaults,Canada,2012,2906,8.37,1998,46.039603960396036
Assaults,140,Other assaults,Canada,2013,2639,7.52,1998,41.36413641364136
Assaults,140,Other assaults,Canada,2014,2148,6.06,1998,33.33333333333333
Assaults,140,Other assaults,Canada,2015,2151,6.02,1998,33.11331133113311
Assaults,140,Other assaults,Canada,2016,1863,5.16,1998,28.38283828382838
Assaults,140,Other assaults,Canada,2017,1973,5.4,1998,29.702970297029708
Assaults,140,Other assaults,Canada,2018,2124,5.73,1998,31.518151815181522
Assaults,140,Other assaults,Canada,2019,2249,5.98,1998,32.893289328932894
Assaults,140,Other assaults,Canada,2020,1822,4.79,1998,26.347634763476346
Assaults,140,Other assaults,Canada,2021,1922,5.03,1998,27.66776677667767
Assaults,140,Other assaults,Canada,2022,2086,5.36,1998,29.482948294829487
Assaults,140,Other assaults,Canada,2023,2364,5.9,1998,32.45324532453245
Assaults,140,Other assaults,Canada,2024,2720,6.59,1998,36.24862486248625
Assaults,140,Other assaults,Canada,2025,2888,6.93,1998,38.11881188118812
Assaults,140,Other assaults,Ontario,1998,2215,19.49,1998,100
Assaults,140,Other assaults,Ontario,1999,2065,17.95,1998,92.09851205746537
Assaults,140,Other assaults,Ontario,2000,2270,19.43,1998,99.69214982042074
Assaults,140,Other assaults,Ontario,2001,2004,16.85,1998,86.45459209851208
Assaults,140,Other assaults,Ontario,2002,1954,16.16,1998,82.91431503335043
Assaults,140,Other assaults,Ontario,2003,1909,15.59,1998,79.98973832734735
Assaults,140,Other assaults,Ontario,2004,2017,16.28,1998,83.530015392509
Assaults,140,Other assaults,Ontario,2005,1982,15.82,1998,81.16983068240124
Assaults,140,Other assaults,Ontario,2006,2312,18.26,1998,93.68907131862495
Assaults,140,Other assaults,Ontario,2007,2560,20.06,1998,102.92457670600308
Assaults,140,Other assaults,Ontario,2008,2229,17.3,1998,88.76346844535661
Assaults,140,Other assaults,Ontario,2009,2185,16.81,1998,86.24935864545921
Assaults,140,Other assaults,Ontario,2010,2133,16.24,1998,83.32478193945613
Assaults,140,Other assaults,Ontario,2011,1916,14.45,1998,74.14058491534121
Assaults,140,Other assaults,Ontario,2012,1855,13.85,1998,71.06208311954849
Assaults,140,Other assaults,Ontario,2013,1628,12.05,1998,61.82657773217035
Assaults,140,Other assaults,Ontario,2014,1125,8.26,1998,42.38070805541304
Assaults,140,Other assaults,Ontario,2015,1102,8.04,1998,41.25192406362237
Assaults,140,Other assaults,Ontario,2016,959,6.91,1998,35.45407901487943
Assaults,140,Other assaults,Ontario,2017,988,7.02,1998,36.01847101077475
Assaults,140,Other assaults,Ontario,2018,1015,7.08,1998,36.32632119035403
Assaults,140,Other assaults,Ontario,2019,989,6.79,1998,34.83837865572089
Assaults,140,Other assaults,Ontario,2020,698,4.73,1998,24.268855823499237
Assaults,140,Other assaults,Ontario,2021,724,4.88,1998,25.03848127244741
Assaults,140,Other assaults,Ontario,2022,709,4.68,1998,24.01231400718317
Assaults,140,Other assaults,Ontario,2023,785,5.02,1998,25.756798358132375
Assaults,140,Other assaults,Ontario,2024,843,5.22,1998,26.782965623396613
Assaults,140,Other assaults,Ontario,2025,798,4.91,1998,25.192406362237048
Assaults,140,Other assaults,Region,1998,72,16.7,1998,100
Assaults,140,Other assaults,Region,1999,56,12.75,1998,76.34730538922156
Assaults,140,Other assaults,Region,2000,52,11.61,1998,69.52095808383233
Assaults,140,Other assaults,Region,2001,71,15.56,1998,93.17365269461078
Assaults,140,Other assaults,Region,2002,64,13.79,1998,82.57485029940119
Assaults,140,Other assaults,Region,2003,80,17.01,1998,101.85628742514972
Assaults,140,Other assaults,Region,2004,18,3.74,1998,22.395209580838326
Assaults,140,Other assaults,Region,2005,25,5.11,1998,30.598802395209585
Assaults,140,Other assaults,Region,2006,53,10.63,1998,63.65269461077845
Assaults,140,Other assaults,Region,2007,74,14.72,1998,88.14371257485031
Assaults,140,Other assaults,Region,2008,68,13.38,1998,80.11976047904193
Assaults,140,Other assaults,Region,2009,106,20.69,1998,123.8922155688623
Assaults,140,Other assaults,Region,2010,88,17,1998,101.79640718562875
Assaults,140,Other assaults,Region,2011,84,16.04,1998,96.04790419161677
Assaults,140,Other assaults,Region,2012,72,13.62,1998,81.55688622754491
Assaults,140,Other assaults,Region,2013,88,16.5,1998,98.80239520958084
Assaults,140,Other assaults,Region,2014,73,13.59,1998,81.37724550898204
Assaults,140,Other assaults,Region,2015,73,13.47,1998,80.65868263473055
Assaults,140,Other assaults,Region,2016,97,17.53,1998,104.97005988023953
Assaults,140,Other assaults,Region,2017,113,19.98,1998,119.64071856287426
Assaults,140,Other assaults,Region,2018,129,22.24,1998,133.17365269461078
Assaults,140,Other assaults,Region,2019,87,14.63,1998,87.60479041916169
Assaults,140,Other assaults,Region,2020,77,12.69,1998,75.9880239520958
Assaults,140,Other assaults,Region,2021,70,11.4,1998,68.26347305389223
Assaults,140,Other assaults,Region,2022,73,11.42,1998,68.38323353293413
Assaults,140,Other assaults,Region,2023,65,9.62,1998,57.60479041916168
Assaults,140,Other assaults,Region,2024,78,10.99,1998,65.80838323353294
Assaults,140,Other assaults,Region,2025,70,9.84,1998,58.92215568862276
Sexual offences,130,Sexual violations against children,Canada,2015,5256,14.72,2015,100
Sexual offences,130,Sexual violations against children,Canada,2016,7334,20.31,2015,137.97554347826087
Sexual offences,130,Sexual violations against children,Canada,2017,8276,22.65,2015,153.87228260869563
Sexual offences,130,Sexual violations against children,Canada,2018,9075,24.48,2015,166.30434782608697
Sexual offences,130,Sexual violations against children,Canada,2019,10339,27.48,2015,186.68478260869566
Sexual offences,130,Sexual violations against children,Canada,2020,10745,28.26,2015,191.98369565217394
Sexual offences,130,Sexual violations against children,Canada,2021,12838,33.57,2015,228.0570652173913
Sexual offences,130,Sexual violations against children,Canada,2022,12358,31.73,2015,215.5570652173913
Sexual offences,130,Sexual violations against children,Canada,2023,11956,29.85,2015,202.78532608695653
Sexual offences,130,Sexual violations against children,Canada,2024,13586,32.93,2015,223.70923913043475
Sexual offences,130,Sexual violations against children,Canada,2025,13576,32.59,2015,221.39945652173915
Sexual offences,130,Sexual violations against children,Ontario,2015,1113,8.12,2015,100
Sexual offences,130,Sexual violations against children,Ontario,2016,2028,14.61,2015,179.92610837438426
Sexual offences,130,Sexual violations against children,Ontario,2017,2111,14.99,2015,184.60591133004928
Sexual offences,130,Sexual violations against children,Ontario,2018,2278,15.9,2015,195.8128078817734
Sexual offences,130,Sexual violations against children,Ontario,2019,2319,15.91,2015,195.93596059113304
Sexual offences,130,Sexual violations against children,Ontario,2020,2473,16.75,2015,206.2807881773399
Sexual offences,130,Sexual violations against children,Ontario,2021,2815,18.97,2015,233.6206896551724
Sexual offences,130,Sexual violations against children,Ontario,2022,2797,18.45,2015,227.2167487684729
Sexual offences,130,Sexual violations against children,Ontario,2023,2680,17.14,2015,211.08374384236456
Sexual offences,130,Sexual violations against children,Ontario,2024,2814,17.43,2015,214.6551724137931
Sexual offences,130,Sexual violations against children,Ontario,2025,2609,16.05,2015,197.66009852216752
Sexual offences,130,Sexual violations against children,Region,2015,59,10.88,2015,100
Sexual offences,130,Sexual violations against children,Region,2016,122,22.05,2015,202.66544117647055
Sexual offences,130,Sexual violations against children,Region,2017,148,26.17,2015,240.53308823529412
Sexual offences,130,Sexual violations against children,Region,2018,178,30.68,2015,281.9852941176471
Sexual offences,130,Sexual violations against children,Region,2019,176,29.6,2015,272.05882352941177
Sexual offences,130,Sexual violations against children,Region,2020,180,29.66,2015,272.6102941176471
Sexual offences,130,Sexual violations against children,Region,2021,192,31.26,2015,287.31617647058823
Sexual offences,130,Sexual violations against children,Region,2022,174,27.22,2015,250.18382352941174
Sexual offences,130,Sexual violations against children,Region,2023,200,29.61,2015,272.1507352941176
Sexual offences,130,Sexual violations against children,Region,2024,251,35.35,2015,324.9080882352941
Sexual offences,130,Sexual violations against children,Region,2025,232,32.61,2015,299.7242647058823
Sexual offences,1320,Sexual assault with a weapon or causing bodily harm,Canada,1998,529,1.75,1998,100
Sexual offences,1320,Sexual assault with a weapon or causing bodily harm,Canada,1999,461,1.52,1998,86.85714285714286
Sexual offences,1320,Sexual assault with a weapon or causing bodily harm,Canada,2000,391,1.27,1998,72.57142857142857
Sexual offences,1320,Sexual assault with a weapon or causing bodily harm,Canada,2001,320,1.03,1998,58.85714285714286
Sexual offences,1320,Sexual assault with a weapon or causing bodily harm,Canada,2002,373,1.19,1998,68
Sexual offences,1320,Sexual assault with a weapon or causing bodily harm,Canada,2003,359,1.13,1998,64.57142857142857
Sexual offences,1320,Sexual assault with a weapon or causing bodily harm,Canada,2004,397,1.24,1998,70.85714285714285
Sexual offences,1320,Sexual assault with a weapon or causing bodily harm,Canada,2005,389,1.21,1998,69.14285714285714
Sexual offences,1320,Sexual assault with a weapon or causing bodily harm,Canada,2006,389,1.19,1998,68
Sexual offences,1320,Sexual assault with a weapon or causing bodily harm,Canada,2007,387,1.18,1998,67.42857142857143
Sexual offences,1320,Sexual assault with a weapon or causing bodily harm,Canada,2008,351,1.06,1998,60.57142857142858
Sexual offences,1320,Sexual assault with a weapon or causing bodily harm,Canada,2009,352,1.05,1998,60
Sexual offences,1320,Sexual assault with a weapon or causing bodily harm,Canada,2010,402,1.18,1998,67.42857142857143
Sexual offences,1320,Sexual assault with a weapon or causing bodily harm,Canada,2011,400,1.16,1998,66.28571428571428
Sexual offences,1320,Sexual assault with a weapon or causing bodily harm,Canada,2012,372,1.07,1998,61.142857142857146
Sexual offences,1320,Sexual assault with a weapon or causing bodily harm,Canada,2013,368,1.05,1998,60
Sexual offences,1320,Sexual assault with a weapon or causing bodily harm,Canada,2014,332,0.94,1998,53.714285714285715
Sexual offences,1320,Sexual assault with a weapon or causing bodily harm,Canada,2015,379,1.06,1998,60.57142857142858
Sexual offences,1320,Sexual assault with a weapon or causing bodily harm,Canada,2016,395,1.09,1998,62.28571428571429
Sexual offences,1320,Sexual assault with a weapon or causing bodily harm,Canada,2017,423,1.16,1998,66.28571428571428
Sexual offences,1320,Sexual assault with a weapon or causing bodily harm,Canada,2018,490,1.32,1998,75.42857142857143
Sexual offences,1320,Sexual assault with a weapon or causing bodily harm,Canada,2019,535,1.42,1998,81.14285714285714
Sexual offences,1320,Sexual assault with a weapon or causing bodily harm,Canada,2020,624,1.64,1998,93.71428571428571
Sexual offences,1320,Sexual assault with a weapon or causing bodily harm,Canada,2021,617,1.61,1998,92
Sexual offences,1320,Sexual assault with a weapon or causing bodily harm,Canada,2022,658,1.69,1998,96.57142857142857
Sexual offences,1320,Sexual assault with a weapon or causing bodily harm,Canada,2023,769,1.92,1998,109.71428571428572
Sexual offences,1320,Sexual assault with a weapon or causing bodily harm,Canada,2024,828,2.01,1998,114.85714285714283
Sexual offences,1320,Sexual assault with a weapon or causing bodily harm,Canada,2025,865,2.08,1998,118.85714285714286
Sexual offences,1320,Sexual assault with a weapon or causing bodily harm,Ontario,1998,153,1.35,1998,100
Sexual offences,1320,Sexual assault with a weapon or causing bodily harm,Ontario,1999,127,1.1,1998,81.4814814814815
Sexual offences,1320,Sexual assault with a weapon or causing bodily harm,Ontario,2000,111,0.95,1998,70.37037037037037
Sexual offences,1320,Sexual assault with a weapon or causing bodily harm,Ontario,2001,100,0.84,1998,62.222222222222214
Sexual offences,1320,Sexual assault with a weapon or causing bodily harm,Ontario,2002,121,1,1998,74.07407407407408
Sexual offences,1320,Sexual assault with a weapon or causing bodily harm,Ontario,2003,121,0.99,1998,73.33333333333333
Sexual offences,1320,Sexual assault with a weapon or causing bodily harm,Ontario,2004,128,1.03,1998,76.29629629629629
Sexual offences,1320,Sexual assault with a weapon or causing bodily harm,Ontario,2005,131,1.05,1998,77.77777777777779
Sexual offences,1320,Sexual assault with a weapon or causing bodily harm,Ontario,2006,135,1.07,1998,79.25925925925927
Sexual offences,1320,Sexual assault with a weapon or causing bodily harm,Ontario,2007,129,1.01,1998,74.81481481481481
Sexual offences,1320,Sexual assault with a weapon or causing bodily harm,Ontario,2008,111,0.86,1998,63.703703703703695
Sexual offences,1320,Sexual assault with a weapon or causing bodily harm,Ontario,2009,138,1.06,1998,78.51851851851852
Sexual offences,1320,Sexual assault with a weapon or causing bodily harm,Ontario,2010,150,1.14,1998,84.44444444444443
Sexual offences,1320,Sexual assault with a weapon or causing bodily harm,Ontario,2011,161,1.21,1998,89.62962962962962
Sexual offences,1320,Sexual assault with a weapon or causing bodily harm,Ontario,2012,160,1.19,1998,88.14814814814814
Sexual offences,1320,Sexual assault with a weapon or causing bodily harm,Ontario,2013,140,1.04,1998,77.03703703703704
Sexual offences,1320,Sexual assault with a weapon or causing bodily harm,Ontario,2014,130,0.95,1998,70.37037037037037
Sexual offences,1320,Sexual assault with a weapon or causing bodily harm,Ontario,2015,134,0.98,1998,72.59259259259258
Sexual offences,1320,Sexual assault with a weapon or causing bodily harm,Ontario,2016,145,1.04,1998,77.03703703703704
Sexual offences,1320,Sexual assault with a weapon or causing bodily harm,Ontario,2017,150,1.07,1998,79.25925925925927
Sexual offences,1320,Sexual assault with a weapon or causing bodily harm,Ontario,2018,176,1.23,1998,91.1111111111111
Sexual offences,1320,Sexual assault with a weapon or causing bodily harm,Ontario,2019,216,1.48,1998,109.6296296296296
Sexual offences,1320,Sexual assault with a weapon or causing bodily harm,Ontario,2020,249,1.69,1998,125.18518518518518
Sexual offences,1320,Sexual assault with a weapon or causing bodily harm,Ontario,2021,244,1.64,1998,121.48148148148145
Sexual offences,1320,Sexual assault with a weapon or causing bodily harm,Ontario,2022,268,1.77,1998,131.11111111111111
Sexual offences,1320,Sexual assault with a weapon or causing bodily harm,Ontario,2023,288,1.84,1998,136.2962962962963
Sexual offences,1320,Sexual assault with a weapon or causing bodily harm,Ontario,2024,317,1.96,1998,145.18518518518516
Sexual offences,1320,Sexual assault with a weapon or causing bodily harm,Ontario,2025,337,2.07,1998,153.33333333333331
Sexual offences,1320,Sexual assault with a weapon or causing bodily harm,Region,1998,2,0.46,1998,100
Sexual offences,1320,Sexual assault with a weapon or causing bodily harm,Region,1999,5,1.14,1998,247.8260869565217
Sexual offences,1320,Sexual assault with a weapon or causing bodily harm,Region,2000,2,0.45,1998,97.82608695652173
Sexual offences,1320,Sexual assault with a weapon or causing bodily harm,Region,2001,1,0.22,1998,47.826086956521735
Sexual offences,1320,Sexual assault with a weapon or causing bodily harm,Region,2002,2,0.43,1998,93.4782608695652
Sexual offences,1320,Sexual assault with a weapon or causing bodily harm,Region,2003,1,0.21,1998,45.65217391304348
Sexual offences,1320,Sexual assault with a weapon or causing bodily harm,Region,2004,1,0.21,1998,45.65217391304348
Sexual offences,1320,Sexual assault with a weapon or causing bodily harm,Region,2005,1,0.2,1998,43.47826086956522
Sexual offences,1320,Sexual assault with a weapon or causing bodily harm,Region,2006,1,0.2,1998,43.47826086956522
Sexual offences,1320,Sexual assault with a weapon or causing bodily harm,Region,2007,6,1.19,1998,258.69565217391306
Sexual offences,1320,Sexual assault with a weapon or causing bodily harm,Region,2008,3,0.59,1998,128.26086956521738
Sexual offences,1320,Sexual assault with a weapon or causing bodily harm,Region,2009,5,0.98,1998,213.04347826086953
Sexual offences,1320,Sexual assault with a weapon or causing bodily harm,Region,2010,1,0.19,1998,41.30434782608695
Sexual offences,1320,Sexual assault with a weapon or causing bodily harm,Region,2011,7,1.34,1998,291.30434782608694
Sexual offences,1320,Sexual assault with a weapon or causing bodily harm,Region,2012,2,0.38,1998,82.6086956521739
Sexual offences,1320,Sexual assault with a weapon or causing bodily harm,Region,2013,0,0,1998,0
Sexual offences,1320,Sexual assault with a weapon or causing bodily harm,Region,2014,5,0.93,1998,202.17391304347828
Sexual offences,1320,Sexual assault with a weapon or causing bodily harm,Region,2015,0,0,1998,0
Sexual offences,1320,Sexual assault with a weapon or causing bodily harm,Region,2016,2,0.36,1998,78.26086956521738
Sexual offences,1320,Sexual assault with a weapon or causing bodily harm,Region,2017,4,0.71,1998,154.3478260869565
Sexual offences,1320,Sexual assault with a weapon or causing bodily harm,Region,2018,4,0.69,1998,149.99999999999997
Sexual offences,1320,Sexual assault with a weapon or causing bodily harm,Region,2019,10,1.68,1998,365.2173913043478
Sexual offences,1320,Sexual assault with a weapon or causing bodily harm,Region,2020,10,1.65,1998,358.695652173913
Sexual offences,1320,Sexual assault with a weapon or causing bodily harm,Region,2021,14,2.28,1998,495.6521739130434
Sexual offences,1320,Sexual assault with a weapon or causing bodily harm,Region,2022,12,1.88,1998,408.695652173913
Sexual offences,1320,Sexual assault with a weapon or causing bodily harm,Region,2023,13,1.92,1998,417.39130434782606
Sexual offences,1320,Sexual assault with a weapon or causing bodily harm,Region,2024,21,2.96,1998,643.4782608695651
Sexual offences,1320,Sexual assault with a weapon or causing bodily harm,Region,2025,20,2.81,1998,610.8695652173913
Sexual offences,1330,Sexual assault,Canada,1998,24805,82.25,1998,100
Sexual offences,1330,Sexual assault,Canada,1999,23185,76.26,1998,92.71732522796353
Sexual offences,1330,Sexual assault,Canada,2000,23428,76.34,1998,92.8145896656535
Sexual offences,1330,Sexual assault,Canada,2001,23563,75.96,1998,92.35258358662614
Sexual offences,1330,Sexual assault,Canada,2002,23973,76.46,1998,92.96048632218844
Sexual offences,1330,Sexual assault,Canada,2003,22983,72.64,1998,88.3161094224924
Sexual offences,1330,Sexual assault,Canada,2004,22449,70.28,1998,85.44680851063829
Sexual offences,1330,Sexual assault,Canada,2005,22956,71.19,1998,86.55319148936171
Sexual offences,1330,Sexual assault,Canada,2006,21675,66.55,1998,80.91185410334346
Sexual offences,1330,Sexual assault,Canada,2007,20906,63.57,1998,77.2887537993921
Sexual offences,1330,Sexual assault,Canada,2008,20982,63.11,1998,76.72948328267478
Sexual offences,1330,Sexual assault,Canada,2009,20450,60.81,1998,73.93313069908814
Sexual offences,1330,Sexual assault,Canada,2010,21795,64.09,1998,77.9209726443769
Sexual offences,1330,Sexual assault,Canada,2011,21311,62.06,1998,75.45288753799393
Sexual offences,1330,Sexual assault,Canada,2012,21374,61.57,1998,74.85714285714286
Sexual offences,1330,Sexual assault,Canada,2013,20695,58.99,1998,71.72036474164133
Sexual offences,1330,Sexual assault,Canada,2014,20183,56.95,1998,69.24012158054713
Sexual offences,1330,Sexual assault,Canada,2015,20466,57.32,1998,69.68996960486322
Sexual offences,1330,Sexual assault,Canada,2016,21072,58.35,1998,70.94224924012158
Sexual offences,1330,Sexual assault,Canada,2017,24157,66.1,1998,80.36474164133737
Sexual offences,1330,Sexual assault,Canada,2018,27909,75.28,1998,91.52583586626139
Sexual offences,1330,Sexual assault,Canada,2019,30335,80.64,1998,98.04255319148936
Sexual offences,1330,Sexual assault,Canada,2020,28146,74.01,1998,89.98176291793314
Sexual offences,1330,Sexual assault,Canada,2021,33641,87.97,1998,106.95440729483283
Sexual offences,1330,Sexual assault,Canada,2022,35484,91.1,1998,110.75987841945287
Sexual offences,1330,Sexual assault,Canada,2023,36088,90.11,1998,109.5562310030395
Sexual offences,1330,Sexual assault,Canada,2024,36389,88.19,1998,107.22188449848025
Sexual offences,1330,Sexual assault,Canada,2025,36284,87.11,1998,105.90881458966565
Sexual offences,1330,Sexual assault,Ontario,1998,8815,77.55,1998,100
Sexual offences,1330,Sexual assault,Ontario,1999,8104,70.43,1998,90.81882656350743
Sexual offences,1330,Sexual assault,Ontario,2000,8685,74.32,1998,95.83494519664731
Sexual offences,1330,Sexual assault,Ontario,2001,8338,70.09,1998,90.38039974210189
Sexual offences,1330,Sexual assault,Ontario,2002,8224,68.02,1998,87.71115409413281
Sexual offences,1330,Sexual assault,Ontario,2003,7588,61.98,1998,79.92263056092843
Sexual offences,1330,Sexual assault,Ontario,2004,7526,60.74,1998,78.32366215344939
Sexual offences,1330,Sexual assault,Ontario,2005,7730,61.7,1998,79.56157317859446
Sexual offences,1330,Sexual assault,Ontario,2006,7004,55.32,1998,71.33462282398453
Sexual offences,1330,Sexual assault,Ontario,2007,7085,55.51,1998,71.57962604771116
Sexual offences,1330,Sexual assault,Ontario,2008,7241,56.21,1998,72.4822695035461
Sexual offences,1330,Sexual assault,Ontario,2009,6977,53.68,1998,69.21985815602837
Sexual offences,1330,Sexual assault,Ontario,2010,7544,57.43,1998,74.05544809800129
Sexual offences,1330,Sexual assault,Ontario,2011,7619,57.45,1998,74.08123791102516
Sexual offences,1330,Sexual assault,Ontario,2012,7718,57.64,1998,74.32624113475178
Sexual offences,1330,Sexual assault,Ontario,2013,7476,55.33,1998,71.34751773049646
Sexual offences,1330,Sexual assault,Ontario,2014,7348,53.96,1998,69.58091553836235
Sexual offences,1330,Sexual assault,Ontario,2015,7375,53.8,1998,69.3745970341715
Sexual offences,1330,Sexual assault,Ontario,2016,7434,53.57,1998,69.07801418439716
Sexual offences,1330,Sexual assault,Ontario,2017,8782,62.38,1998,80.43842682140556
Sexual offences,1330,Sexual assault,Ontario,2018,10569,73.77,1998,95.12572533849129
Sexual offences,1330,Sexual assault,Ontario,2019,10841,74.39,1998,95.92520954223083
Sexual offences,1330,Sexual assault,Ontario,2020,9303,63.02,1998,81.26370083816893
Sexual offences,1330,Sexual assault,Ontario,2021,11024,74.27,1998,95.77047066408768
Sexual offences,1330,Sexual assault,Ontario,2022,12239,80.75,1998,104.1263700838169
Sexual offences,1330,Sexual assault,Ontario,2023,12342,78.95,1998,101.8052869116699
Sexual offences,1330,Sexual assault,Ontario,2024,12770,79.1,1998,101.99871050934881
Sexual offences,1330,Sexual assault,Ontario,2025,12450,76.58,1998,98.749194068343
Sexual offences,1330,Sexual assault,Region,1998,288,66.78,1998,100
Sexual offences,1330,Sexual assault,Region,1999,316,71.96,1998,107.75681341719077
Sexual offences,1330,Sexual assault,Region,2000,348,77.67,1998,116.30727762803235
Sexual offences,1330,Sexual assault,Region,2001,313,68.59,1998,102.71039233303385
Sexual offences,1330,Sexual assault,Region,2002,298,64.22,1998,96.1665169212339
Sexual offences,1330,Sexual assault,Region,2003,280,59.54,1998,89.15843066786464
Sexual offences,1330,Sexual assault,Region,2004,281,58.41,1998,87.46630727762803
Sexual offences,1330,Sexual assault,Region,2005,246,50.3,1998,75.32195268044323
Sexual offences,1330,Sexual assault,Region,2006,244,48.95,1998,73.3003893381252
Sexual offences,1330,Sexual assault,Region,2007,244,48.52,1998,72.6564839772387
Sexual offences,1330,Sexual assault,Region,2008,273,53.71,1998,80.4282719377059
Sexual offences,1330,Sexual assault,Region,2009,335,65.37,1998,97.88858939802336
Sexual offences,1330,Sexual assault,Region,2010,308,59.49,1998,89.08355795148249
Sexual offences,1330,Sexual assault,Region,2011,335,63.97,1998,95.79215333932315
Sexual offences,1330,Sexual assault,Region,2012,302,57.12,1998,85.53459119496854
Sexual offences,1330,Sexual assault,Region,2013,295,55.33,1998,82.85414794848757
Sexual offences,1330,Sexual assault,Region,2014,343,63.85,1998,95.61245882000598
Sexual offences,1330,Sexual assault,Region,2015,313,57.74,1998,86.46301287810722
Sexual offences,1330,Sexual assault,Region,2016,280,50.61,1998,75.78616352201257
Sexual offences,1330,Sexual assault,Region,2017,410,72.5,1998,108.56543875411799
Sexual offences,1330,Sexual assault,Region,2018,481,82.91,1998,124.15393830488168
Sexual offences,1330,Sexual assault,Region,2019,595,100.07,1998,149.85025456723568
Sexual offences,1330,Sexual assault,Region,2020,443,72.99,1998,109.29919137466307
Sexual offences,1330,Sexual assault,Region,2021,481,78.3,1998,117.25067385444743
Sexual offences,1330,Sexual assault,Region,2022,552,86.35,1998,129.30518119197362
Sexual offences,1330,Sexual assault,Region,2023,519,76.84,1998,115.06439053608865
Sexual offences,1330,Sexual assault,Region,2024,558,78.59,1998,117.68493560946392
Sexual offences,1330,Sexual assault,Region,2025,508,71.4,1998,106.91823899371069
Sexual offences,1310,Aggravated sexual assault,Canada,1998,219,0.73,2000,123.72881355932203
Sexual offences,1310,Aggravated sexual assault,Canada,1999,213,0.7,2000,118.64406779661016
Sexual offences,1310,Aggravated sexual assault,Canada,2000,182,0.59,2000,100
Sexual offences,1310,Aggravated sexual assault,Canada,2001,161,0.52,2000,88.13559322033899
Sexual offences,1310,Aggravated sexual assault,Canada,2002,153,0.49,2000,83.05084745762711
Sexual offences,1310,Aggravated sexual assault,Canada,2003,172,0.54,2000,91.52542372881356
Sexual offences,1310,Aggravated sexual assault,Canada,2004,190,0.59,2000,100
Sexual offences,1310,Aggravated sexual assault,Canada,2005,176,0.55,2000,93.22033898305085
Sexual offences,1310,Aggravated sexual assault,Canada,2006,181,0.56,2000,94.91525423728815
Sexual offences,1310,Aggravated sexual assault,Canada,2007,141,0.43,2000,72.88135593220339
Sexual offences,1310,Aggravated sexual assault,Canada,2008,139,0.42,2000,71.1864406779661
Sexual offences,1310,Aggravated sexual assault,Canada,2009,119,0.35,2000,59.32203389830508
Sexual offences,1310,Aggravated sexual assault,Canada,2010,179,0.53,2000,89.83050847457628
Sexual offences,1310,Aggravated sexual assault,Canada,2011,149,0.43,2000,72.88135593220339
Sexual offences,1310,Aggravated sexual assault,Canada,2012,124,0.36,2000,61.016949152542374
Sexual offences,1310,Aggravated sexual assault,Canada,2013,133,0.38,2000,64.40677966101696
Sexual offences,1310,Aggravated sexual assault,Canada,2014,116,0.33,2000,55.93220338983051
Sexual offences,1310,Aggravated sexual assault,Canada,2015,103,0.29,2000,49.15254237288135
Sexual offences,1310,Aggravated sexual assault,Canada,2016,112,0.31,2000,52.54237288135594
Sexual offences,1310,Aggravated sexual assault,Canada,2017,160,0.44,2000,74.57627118644068
Sexual offences,1310,Aggravated sexual assault,Canada,2018,158,0.43,2000,72.88135593220339
Sexual offences,1310,Aggravated sexual assault,Canada,2019,125,0.33,2000,55.93220338983051
Sexual offences,1310,Aggravated sexual assault,Canada,2020,140,0.37,2000,62.71186440677966
Sexual offences,1310,Aggravated sexual assault,Canada,2021,126,0.33,2000,55.93220338983051
Sexual offences,1310,Aggravated sexual assault,Canada,2022,122,0.31,2000,52.54237288135594
Sexual offences,1310,Aggravated sexual assault,Canada,2023,107,0.27,2000,45.76271186440678
Sexual offences,1310,Aggravated sexual assault,Canada,2024,132,0.32,2000,54.23728813559322
Sexual offences,1310,Aggravated sexual assault,Canada,2025,129,0.31,2000,52.54237288135594
Sexual offences,1310,Aggravated sexual assault,Ontario,1998,45,0.4,2000,129.03225806451616
Sexual offences,1310,Aggravated sexual assault,Ontario,1999,39,0.34,2000,109.67741935483872
Sexual offences,1310,Aggravated sexual assault,Ontario,2000,36,0.31,2000,100
Sexual offences,1310,Aggravated sexual assault,Ontario,2001,28,0.24,2000,77.41935483870968
Sexual offences,1310,Aggravated sexual assault,Ontario,2002,17,0.14,2000,45.16129032258065
Sexual offences,1310,Aggravated sexual assault,Ontario,2003,38,0.31,2000,100
Sexual offences,1310,Aggravated sexual assault,Ontario,2004,71,0.57,2000,183.8709677419355
Sexual offences,1310,Aggravated sexual assault,Ontario,2005,40,0.32,2000,103.2258064516129
Sexual offences,1310,Aggravated sexual assault,Ontario,2006,53,0.42,2000,135.48387096774192
Sexual offences,1310,Aggravated sexual assault,Ontario,2007,59,0.46,2000,148.38709677419354
Sexual offences,1310,Aggravated sexual assault,Ontario,2008,42,0.33,2000,106.45161290322582
Sexual offences,1310,Aggravated sexual assault,Ontario,2009,30,0.23,2000,74.19354838709677
Sexual offences,1310,Aggravated sexual assault,Ontario,2010,47,0.36,2000,116.1290322580645
Sexual offences,1310,Aggravated sexual assault,Ontario,2011,59,0.44,2000,141.93548387096774
Sexual offences,1310,Aggravated sexual assault,Ontario,2012,43,0.32,2000,103.2258064516129
Sexual offences,1310,Aggravated sexual assault,Ontario,2013,47,0.35,2000,112.9032258064516
Sexual offences,1310,Aggravated sexual assault,Ontario,2014,34,0.25,2000,80.64516129032259
Sexual offences,1310,Aggravated sexual assault,Ontario,2015,21,0.15,2000,48.387096774193544
Sexual offences,1310,Aggravated sexual assault,Ontario,2016,34,0.25,2000,80.64516129032259
Sexual offences,1310,Aggravated sexual assault,Ontario,2017,57,0.4,2000,129.03225806451616
Sexual offences,1310,Aggravated sexual assault,Ontario,2018,37,0.26,2000,83.87096774193549
Sexual offences,1310,Aggravated sexual assault,Ontario,2019,31,0.21,2000,67.74193548387096
Sexual offences,1310,Aggravated sexual assault,Ontario,2020,29,0.2,2000,64.51612903225808
Sexual offences,1310,Aggravated sexual assault,Ontario,2021,36,0.24,2000,77.41935483870968
Sexual offences,1310,Aggravated sexual assault,Ontario,2022,31,0.2,2000,64.51612903225808
Sexual offences,1310,Aggravated sexual assault,Ontario,2023,35,0.22,2000,70.96774193548387
Sexual offences,1310,Aggravated sexual assault,Ontario,2024,29,0.18,2000,58.06451612903225
Sexual offences,1310,Aggravated sexual assault,Ontario,2025,40,0.25,2000,80.64516129032259
Sexual offences,1310,Aggravated sexual assault,Region,1998,0,0,2000,0
Sexual offences,1310,Aggravated sexual assault,Region,1999,0,0,2000,0
Sexual offences,1310,Aggravated sexual assault,Region,2000,1,0.22,2000,100
Sexual offences,1310,Aggravated sexual assault,Region,2001,0,0,2000,0
Sexual offences,1310,Aggravated sexual assault,Region,2002,0,0,2000,0
Sexual offences,1310,Aggravated sexual assault,Region,2003,1,0.21,2000,95.45454545454545
Sexual offences,1310,Aggravated sexual assault,Region,2004,2,0.42,2000,190.9090909090909
Sexual offences,1310,Aggravated sexual assault,Region,2005,0,0,2000,0
Sexual offences,1310,Aggravated sexual assault,Region,2006,2,0.4,2000,181.81818181818184
Sexual offences,1310,Aggravated sexual assault,Region,2007,2,0.4,2000,181.81818181818184
Sexual offences,1310,Aggravated sexual assault,Region,2008,2,0.39,2000,177.27272727272728
Sexual offences,1310,Aggravated sexual assault,Region,2009,1,0.2,2000,90.90909090909092
Sexual offences,1310,Aggravated sexual assault,Region,2010,4,0.77,2000,350
Sexual offences,1310,Aggravated sexual assault,Region,2011,2,0.38,2000,172.72727272727272
Sexual offences,1310,Aggravated sexual assault,Region,2012,3,0.57,2000,259.09090909090907
Sexual offences,1310,Aggravated sexual assault,Region,2013,0,0,2000,0
Sexual offences,1310,Aggravated sexual assault,Region,2014,0,0,2000,0
Sexual offences,1310,Aggravated sexual assault,Region,2015,1,0.18,2000,81.81818181818181
Sexual offences,1310,Aggravated sexual assault,Region,2016,0,0,2000,0
Sexual offences,1310,Aggravated sexual assault,Region,2017,1,0.18,2000,81.81818181818181
Sexual offences,1310,Aggravated sexual assault,Region,2018,4,0.69,2000,313.6363636363636
Sexual offences,1310,Aggravated sexual assault,Region,2019,1,0.17,2000,77.27272727272728
Sexual offences,1310,Aggravated sexual assault,Region,2020,2,0.33,2000,150
Sexual offences,1310,Aggravated sexual assault,Region,2021,3,0.49,2000,222.72727272727272
Sexual offences,1310,Aggravated sexual assault,Region,2022,0,0,2000,0
Sexual offences,1310,Aggravated sexual assault,Region,2023,3,0.44,2000,200
Sexual offences,1310,Aggravated sexual assault,Region,2024,2,0.28,2000,127.2727272727273
Sexual offences,1310,Aggravated sexual assault,Region,2025,0,0,2000,0
