home_csd,home,work_csd,work,in_region,top_outside,workers,percent
3530010,Cambridge,3530010,Cambridge,TRUE,FALSE,24850,56.342818274572046
3530010,Cambridge,3530013,Kitchener,TRUE,FALSE,4365,9.896837093300078
3530010,Cambridge,3523008,Guelph,FALSE,TRUE,3440,7.799569209840154
3530010,Cambridge,3530016,Waterloo,TRUE,FALSE,1420,3.2195896156898307
3530010,Cambridge,3521005,Mississauga,FALSE,FALSE,1325,3.0041945357669197
3530010,Cambridge,3524009,Milton,FALSE,FALSE,1020,2.3126629633828366
3530010,Cambridge,3529006,Brantford,FALSE,FALSE,965,2.187960548690625
3530010,Cambridge,3525005,Hamilton,FALSE,FALSE,920,2.085931300306088
3530010,Cambridge,3530004,North Dumfries,TRUE,FALSE,685,1.5531118920757283
3530010,Cambridge,3520005,Toronto,FALSE,FALSE,675,1.5304387257680536
3530010,Cambridge,3523001,Puslinch,FALSE,FALSE,650,1.4737558099988664
3530010,Cambridge,3521010,Brampton,FALSE,FALSE,580,1.3150436458451422
3530010,Cambridge,3530035,Woolwich,TRUE,FALSE,540,1.2243509806144428
3530010,Cambridge,3529005,Brant,FALSE,FALSE,360,0.8162339870762952
3530010,Cambridge,3524002,Burlington,FALSE,FALSE,330,0.7482144881532706
3530010,Cambridge,3524001,Oakville,FALSE,FALSE,290,0.6575218229225711
3530010,Cambridge,3524015,Halton Hills,FALSE,FALSE,220,0.4988096587688471
3530010,Cambridge,3532042,Woodstock,FALSE,FALSE,190,0.43079015984582253
3530010,Cambridge,3523009,Guelph/Eramosa,FALSE,FALSE,175,0.39678041038431017
3530010,Cambridge,3519028,Vaughan,FALSE,FALSE,160,0.3627706609227979
3530010,Cambridge,3530020,Wilmot,TRUE,FALSE,160,0.3627706609227979
3530010,Cambridge,3539036,London,FALSE,FALSE,110,0.24940482938442354
3530010,Cambridge,3531011,Stratford,FALSE,FALSE,100,0.22673166307674866
3530010,Cambridge,3523025,Centre Wellington,FALSE,FALSE,75,0.1700487473075615
3530010,Cambridge,3532045,Blandford-Blenheim,FALSE,FALSE,50,0.11336583153837433
3530010,Cambridge,3528052,Norfolk County,FALSE,FALSE,35,0.07935608207686203
3530010,Cambridge,3521024,Caledon,FALSE,FALSE,30,0.0680194989230246
3530010,Cambridge,3519036,Markham,FALSE,FALSE,25,0.056682915769187166
3530010,Cambridge,3528018,Haldimand County,FALSE,FALSE,25,0.056682915769187166
3530010,Cambridge,3531040,North Perth,FALSE,FALSE,25,0.056682915769187166
3530010,Cambridge,3532018,Ingersoll,FALSE,FALSE,25,0.056682915769187166
3530010,Cambridge,3523050,Wellington North,FALSE,FALSE,20,0.04534633261534974
3530010,Cambridge,3532038,East Zorra-Tavistock,FALSE,FALSE,20,0.04534633261534974
3530010,Cambridge,3518009,Whitby,FALSE,FALSE,15,0.0340097494615123
3530010,Cambridge,3519049,King,FALSE,FALSE,15,0.0340097494615123
3530010,Cambridge,3526021,West Lincoln,FALSE,FALSE,15,0.0340097494615123
3530010,Cambridge,3526053,St. Catharines,FALSE,FALSE,15,0.0340097494615123
3530010,Cambridge,3530027,Wellesley,TRUE,FALSE,15,0.0340097494615123
3530010,Cambridge,3532004,Tillsonburg,FALSE,FALSE,15,0.0340097494615123
3530010,Cambridge,3558004,Thunder Bay,FALSE,FALSE,15,0.0340097494615123
3530010,Cambridge,1209034,Halifax,FALSE,FALSE,10,0.02267316630767487
3530010,Cambridge,3518005,Ajax,FALSE,FALSE,10,0.02267316630767487
3530010,Cambridge,3519048,Newmarket,FALSE,FALSE,10,0.02267316630767487
3530010,Cambridge,3526014,Wainfleet,FALSE,FALSE,10,0.02267316630767487
3530010,Cambridge,3526037,Thorold,FALSE,FALSE,10,0.02267316630767487
3530010,Cambridge,3531025,West Perth,FALSE,FALSE,10,0.02267316630767487
3530010,Cambridge,3534020,Central Elgin,FALSE,FALSE,10,0.02267316630767487
3530010,Cambridge,3534021,St. Thomas,FALSE,FALSE,10,0.02267316630767487
3530010,Cambridge,3534030,Dutton/Dunwich,FALSE,FALSE,10,0.02267316630767487
3530010,Cambridge,3537039,Windsor,FALSE,FALSE,10,0.02267316630767487
3530010,Cambridge,3538003,St. Clair,FALSE,FALSE,10,0.02267316630767487
3530010,Cambridge,3540040,Huron East,FALSE,FALSE,10,0.02267316630767487
3530010,Cambridge,3557061,Sault Ste. Marie,FALSE,FALSE,10,0.02267316630767487
3530010,Cambridge,4806016,Calgary,FALSE,FALSE,10,0.02267316630767487
3530013,Kitchener,3530013,Kitchener,TRUE,FALSE,35775,47.19968335642193
3530013,Kitchener,3530016,Waterloo,TRUE,FALSE,12010,15.845372386041296
3530013,Kitchener,3530010,Cambridge,TRUE,FALSE,10550,13.919123952767332
3530013,Kitchener,3523008,Guelph,FALSE,TRUE,5090,6.7154825516195
3530013,Kitchener,3530035,Woolwich,TRUE,FALSE,3245,4.281285045187677
3530013,Kitchener,3530004,North Dumfries,TRUE,FALSE,995,1.3127515007586252
3530013,Kitchener,3530020,Wilmot,TRUE,FALSE,965,1.2731710534995713
3530013,Kitchener,3521005,Mississauga,FALSE,FALSE,905,1.1940101589814631
3530013,Kitchener,3520005,Toronto,FALSE,FALSE,785,1.035688369945247
3530013,Kitchener,3531011,Stratford,FALSE,FALSE,570,0.7520284979220265
3530013,Kitchener,3525005,Hamilton,FALSE,FALSE,405,0.5343360379972293
3530013,Kitchener,3524009,Milton,FALSE,FALSE,395,0.5211425555775447
3530013,Kitchener,3529006,Brantford,FALSE,FALSE,385,0.5079490731578601
3530013,Kitchener,3521010,Brampton,FALSE,FALSE,340,0.448578402269279
3530013,Kitchener,3532042,Woodstock,FALSE,FALSE,335,0.4419816610594367
3530013,Kitchener,3523001,Puslinch,FALSE,FALSE,330,0.43538491984959427
3530013,Kitchener,3523025,Centre Wellington,FALSE,FALSE,280,0.36941750775117094
3530013,Kitchener,3530027,Wellesley,TRUE,FALSE,245,0.3232403192822746
3530013,Kitchener,3523009,Guelph/Eramosa,FALSE,FALSE,200,0.26386964839369353
3530013,Kitchener,3529005,Brant,FALSE,FALSE,185,0.2440794247641665
3530013,Kitchener,3524001,Oakville,FALSE,FALSE,155,0.2044989775051125
3530013,Kitchener,3524002,Burlington,FALSE,FALSE,155,0.2044989775051125
3530013,Kitchener,3539036,London,FALSE,FALSE,145,0.1913054950854278
3530013,Kitchener,3524015,Halton Hills,FALSE,FALSE,125,0.16491853024605843
3530013,Kitchener,3519028,Vaughan,FALSE,FALSE,120,0.1583217890362161
3530013,Kitchener,3531040,North Perth,FALSE,FALSE,110,0.14512830661653145
3530013,Kitchener,3532038,East Zorra-Tavistock,FALSE,FALSE,80,0.1055478593574774
3530013,Kitchener,3541024,Kincardine,FALSE,FALSE,75,0.09895111814763506
3530013,Kitchener,3521024,Caledon,FALSE,FALSE,65,0.0857576357279504
3530013,Kitchener,3532045,Blandford-Blenheim,FALSE,FALSE,65,0.0857576357279504
3530013,Kitchener,3523050,Wellington North,FALSE,FALSE,60,0.07916089451810805
3530013,Kitchener,3523043,Minto,FALSE,FALSE,45,0.05937067088858104
3530013,Kitchener,3523033,Mapleton,FALSE,FALSE,40,0.0527739296787387
3530013,Kitchener,3519036,Markham,FALSE,FALSE,35,0.04617718846889637
3530013,Kitchener,3531030,Perth East,FALSE,FALSE,35,0.04617718846889637
3530013,Kitchener,3532018,Ingersoll,FALSE,FALSE,35,0.04617718846889637
3530013,Kitchener,3531016,St. Marys,FALSE,FALSE,30,0.039580447259054026
3530013,Kitchener,3506008,Ottawa,FALSE,FALSE,25,0.03298370604921169
3530013,Kitchener,3526053,St. Catharines,FALSE,FALSE,25,0.03298370604921169
3530013,Kitchener,3528052,Norfolk County,FALSE,FALSE,25,0.03298370604921169
3530013,Kitchener,3519038,Richmond Hill,FALSE,FALSE,20,0.02638696483936935
3530013,Kitchener,3522014,Orangeville,FALSE,FALSE,20,0.02638696483936935
3530013,Kitchener,3528018,Haldimand County,FALSE,FALSE,20,0.02638696483936935
3530013,Kitchener,3532004,Tillsonburg,FALSE,FALSE,20,0.02638696483936935
3530013,Kitchener,3518009,Whitby,FALSE,FALSE,15,0.019790223629527013
3530013,Kitchener,3539027,Thames Centre,FALSE,FALSE,15,0.019790223629527013
3530013,Kitchener,4816037,Wood Buffalo,FALSE,FALSE,15,0.019790223629527013
3530013,Kitchener,1310032,Fredericton,FALSE,FALSE,10,0.013193482419684675
3530013,Kitchener,2466023,Montréal,FALSE,FALSE,10,0.013193482419684675
3530013,Kitchener,3510010,Kingston,FALSE,FALSE,10,0.013193482419684675
3530013,Kitchener,3514020,Port Hope,FALSE,FALSE,10,0.013193482419684675
3530013,Kitchener,3516010,Kawartha Lakes,FALSE,FALSE,10,0.013193482419684675
3530013,Kitchener,3518001,Pickering,FALSE,FALSE,10,0.013193482419684675
3530013,Kitchener,3518005,Ajax,FALSE,FALSE,10,0.013193482419684675
3530013,Kitchener,3519046,Aurora,FALSE,FALSE,10,0.013193482419684675
3530013,Kitchener,3519048,Newmarket,FALSE,FALSE,10,0.013193482419684675
3530013,Kitchener,3531013,Perth South,FALSE,FALSE,10,0.013193482419684675
3530013,Kitchener,3531025,West Perth,FALSE,FALSE,10,0.013193482419684675
3530013,Kitchener,3532027,Zorra,FALSE,FALSE,10,0.013193482419684675
3530013,Kitchener,3534020,Central Elgin,FALSE,FALSE,10,0.013193482419684675
3530013,Kitchener,3536020,Chatham-Kent,FALSE,FALSE,10,0.013193482419684675
3530013,Kitchener,3537039,Windsor,FALSE,FALSE,10,0.013193482419684675
3530013,Kitchener,3538030,Sarnia,FALSE,FALSE,10,0.013193482419684675
3530013,Kitchener,3540025,Central Huron,FALSE,FALSE,10,0.013193482419684675
3530013,Kitchener,3541045,Saugeen Shores,FALSE,FALSE,10,0.013193482419684675
3530013,Kitchener,3544042,Huntsville,FALSE,FALSE,10,0.013193482419684675
3530013,Kitchener,3553005,Greater Sudbury,FALSE,FALSE,10,0.013193482419684675
3530013,Kitchener,3556042,Cochrane,FALSE,FALSE,10,0.013193482419684675
3530013,Kitchener,3556092,"Cochrane, Unorganized, North Part",FALSE,FALSE,10,0.013193482419684675
3530013,Kitchener,4811061,Edmonton,FALSE,FALSE,10,0.013193482419684675
3530004,North Dumfries,3530010,Cambridge,TRUE,FALSE,1120,32.84457478005865
3530004,North Dumfries,3530004,North Dumfries,TRUE,FALSE,750,21.994134897360702
3530004,North Dumfries,3530013,Kitchener,TRUE,FALSE,500,14.66275659824047
3530004,North Dumfries,3530016,Waterloo,TRUE,FALSE,175,5.131964809384164
3530004,North Dumfries,3529005,Brant,FALSE,TRUE,145,4.252199413489736
3530004,North Dumfries,3523008,Guelph,FALSE,FALSE,140,4.105571847507331
3530004,North Dumfries,3529006,Brantford,FALSE,FALSE,90,2.6392961876832843
3530004,North Dumfries,3532042,Woodstock,FALSE,FALSE,85,2.4926686217008798
3530004,North Dumfries,3525005,Hamilton,FALSE,FALSE,70,2.0527859237536656
3530004,North Dumfries,3521005,Mississauga,FALSE,FALSE,60,1.7595307917888565
3530004,North Dumfries,3530035,Woolwich,TRUE,FALSE,50,1.466275659824047
3530004,North Dumfries,3530020,Wilmot,TRUE,FALSE,35,1.0263929618768328
3530004,North Dumfries,3524001,Oakville,FALSE,FALSE,25,0.7331378299120235
3530004,North Dumfries,3520005,Toronto,FALSE,FALSE,20,0.5865102639296188
3530004,North Dumfries,3523001,Puslinch,FALSE,FALSE,20,0.5865102639296188
3530004,North Dumfries,3524009,Milton,FALSE,FALSE,20,0.5865102639296188
3530004,North Dumfries,3532045,Blandford-Blenheim,FALSE,FALSE,20,0.5865102639296188
3530004,North Dumfries,3521010,Brampton,FALSE,FALSE,15,0.43988269794721413
3530004,North Dumfries,3523009,Guelph/Eramosa,FALSE,FALSE,15,0.43988269794721413
3530004,North Dumfries,3539036,London,FALSE,FALSE,15,0.43988269794721413
3530004,North Dumfries,3519044,Whitchurch-Stouffville,FALSE,FALSE,10,0.2932551319648094
3530004,North Dumfries,3524015,Halton Hills,FALSE,FALSE,10,0.2932551319648094
3530004,North Dumfries,3530027,Wellesley,TRUE,FALSE,10,0.2932551319648094
3530004,North Dumfries,3532038,East Zorra-Tavistock,FALSE,FALSE,10,0.2932551319648094
3530016,Waterloo,3530016,Waterloo,TRUE,FALSE,13555,45.31171653016881
3530016,Waterloo,3530013,Kitchener,TRUE,FALSE,8200,27.410997827177003
3530016,Waterloo,3530010,Cambridge,TRUE,FALSE,2440,8.156443255891693
3530016,Waterloo,3530035,Woolwich,TRUE,FALSE,1745,5.833194049807789
3530016,Waterloo,3523008,Guelph,FALSE,TRUE,1150,3.844225305030921
3530016,Waterloo,3530020,Wilmot,TRUE,FALSE,330,1.1031255223132208
3530016,Waterloo,3520005,Toronto,FALSE,FALSE,295,0.9861273608557579
3530016,Waterloo,3530004,North Dumfries,TRUE,FALSE,190,0.6351328764833696
3530016,Waterloo,3531011,Stratford,FALSE,FALSE,190,0.6351328764833696
3530016,Waterloo,3521005,Mississauga,FALSE,FALSE,175,0.5849908072873141
3530016,Waterloo,3530027,Wellesley,TRUE,FALSE,145,0.48470666889520303
3530016,Waterloo,3525005,Hamilton,FALSE,FALSE,135,0.4512786227644994
3530016,Waterloo,3524009,Milton,FALSE,FALSE,120,0.4011365535684439
3530016,Waterloo,3523025,Centre Wellington,FALSE,FALSE,95,0.3175664382416848
3530016,Waterloo,3523001,Puslinch,FALSE,FALSE,75,0.25071034598027747
3530016,Waterloo,3523009,Guelph/Eramosa,FALSE,FALSE,70,0.23399632291492561
3530016,Waterloo,3524002,Burlington,FALSE,FALSE,70,0.23399632291492561
3530016,Waterloo,3529006,Brantford,FALSE,FALSE,70,0.23399632291492561
3530016,Waterloo,3539036,London,FALSE,FALSE,70,0.23399632291492561
3530016,Waterloo,3531040,North Perth,FALSE,FALSE,65,0.21728229984957378
3530016,Waterloo,3532042,Woodstock,FALSE,FALSE,60,0.20056827678422195
3530016,Waterloo,3521010,Brampton,FALSE,FALSE,55,0.18385425371887013
3530016,Waterloo,3523050,Wellington North,FALSE,FALSE,55,0.18385425371887013
3530016,Waterloo,3519028,Vaughan,FALSE,FALSE,45,0.1504262075881665
3530016,Waterloo,3529005,Brant,FALSE,FALSE,45,0.1504262075881665
3530016,Waterloo,3524001,Oakville,FALSE,FALSE,35,0.11699816145746281
3530016,Waterloo,3506008,Ottawa,FALSE,FALSE,30,0.10028413839211098
3530016,Waterloo,3523033,Mapleton,FALSE,FALSE,30,0.10028413839211098
3530016,Waterloo,3519036,Markham,FALSE,FALSE,25,0.08357011532675915
3530016,Waterloo,3519048,Newmarket,FALSE,FALSE,20,0.06685609226140733
3530016,Waterloo,3531030,Perth East,FALSE,FALSE,20,0.06685609226140733
3530016,Waterloo,3541024,Kincardine,FALSE,FALSE,20,0.06685609226140733
3530016,Waterloo,3542029,Hanover,FALSE,FALSE,20,0.06685609226140733
3530016,Waterloo,3518001,Pickering,FALSE,FALSE,15,0.05014206919605549
3530016,Waterloo,3523043,Minto,FALSE,FALSE,15,0.05014206919605549
3530016,Waterloo,3531025,West Perth,FALSE,FALSE,15,0.05014206919605549
3530016,Waterloo,3532038,East Zorra-Tavistock,FALSE,FALSE,15,0.05014206919605549
3530016,Waterloo,3538040,Lambton Shores,FALSE,FALSE,15,0.05014206919605549
3530016,Waterloo,3544027,Lake of Bays,FALSE,FALSE,15,0.05014206919605549
3530016,Waterloo,2466023,Montréal,FALSE,FALSE,10,0.033428046130703666
3530016,Waterloo,3510010,Kingston,FALSE,FALSE,10,0.033428046130703666
3530016,Waterloo,3518017,Clarington,FALSE,FALSE,10,0.033428046130703666
3530016,Waterloo,3521024,Caledon,FALSE,FALSE,10,0.033428046130703666
3530016,Waterloo,3524015,Halton Hills,FALSE,FALSE,10,0.033428046130703666
3530016,Waterloo,3526043,Niagara Falls,FALSE,FALSE,10,0.033428046130703666
3530016,Waterloo,3531016,St. Marys,FALSE,FALSE,10,0.033428046130703666
3530016,Waterloo,3532018,Ingersoll,FALSE,FALSE,10,0.033428046130703666
3530016,Waterloo,3532027,Zorra,FALSE,FALSE,10,0.033428046130703666
3530016,Waterloo,3537003,Leamington,FALSE,FALSE,10,0.033428046130703666
3530016,Waterloo,3538030,Sarnia,FALSE,FALSE,10,0.033428046130703666
3530016,Waterloo,3540028,Goderich,FALSE,FALSE,10,0.033428046130703666
3530016,Waterloo,3540055,North Huron,FALSE,FALSE,10,0.033428046130703666
3530016,Waterloo,3541045,Saugeen Shores,FALSE,FALSE,10,0.033428046130703666
3530016,Waterloo,3542045,The Blue Mountains,FALSE,FALSE,10,0.033428046130703666
3530016,Waterloo,3547076,Petawawa,FALSE,FALSE,10,0.033428046130703666
3530016,Waterloo,4806016,Calgary,FALSE,FALSE,10,0.033428046130703666
3530016,Waterloo,5909052,Abbotsford,FALSE,FALSE,10,0.033428046130703666
3530027,Wellesley,3530027,Wellesley,TRUE,FALSE,940,33.04042179261863
3530027,Wellesley,3530016,Waterloo,TRUE,FALSE,455,15.992970123022848
3530027,Wellesley,3530035,Woolwich,TRUE,FALSE,385,13.53251318101933
3530027,Wellesley,3530013,Kitchener,TRUE,FALSE,335,11.775043936731107
3530027,Wellesley,3530010,Cambridge,TRUE,FALSE,145,5.0966608084358525
3530027,Wellesley,3530020,Wilmot,TRUE,FALSE,140,4.92091388400703
3530027,Wellesley,3523008,Guelph,FALSE,TRUE,85,2.987697715289982
3530027,Wellesley,3523033,Mapleton,FALSE,FALSE,80,2.8119507908611596
3530027,Wellesley,3531030,Perth East,FALSE,FALSE,80,2.8119507908611596
3530027,Wellesley,3531011,Stratford,FALSE,FALSE,45,1.5817223198594026
3530027,Wellesley,3530004,North Dumfries,TRUE,FALSE,35,1.2302284710017575
3530027,Wellesley,3531040,North Perth,FALSE,FALSE,30,1.054481546572935
3530027,Wellesley,3542005,Southgate,FALSE,FALSE,20,0.7029876977152899
3530027,Wellesley,3529005,Brant,FALSE,FALSE,15,0.5272407732864675
3530027,Wellesley,3532045,Blandford-Blenheim,FALSE,FALSE,15,0.5272407732864675
3530027,Wellesley,3523009,Guelph/Eramosa,FALSE,FALSE,10,0.35149384885764495
3530027,Wellesley,3523025,Centre Wellington,FALSE,FALSE,10,0.35149384885764495
3530027,Wellesley,3525005,Hamilton,FALSE,FALSE,10,0.35149384885764495
3530027,Wellesley,3532042,Woodstock,FALSE,FALSE,10,0.35149384885764495
3530020,Wilmot,3530020,Wilmot,TRUE,FALSE,2005,31.850675138999208
3530020,Wilmot,3530013,Kitchener,TRUE,FALSE,1730,27.482128673550438
3530020,Wilmot,3530016,Waterloo,TRUE,FALSE,870,13.820492454328834
3530020,Wilmot,3530010,Cambridge,TRUE,FALSE,585,9.293089753772836
3530020,Wilmot,3531011,Stratford,FALSE,TRUE,220,3.494837172359015
3530020,Wilmot,3523008,Guelph,FALSE,FALSE,195,3.0976965845909454
3530020,Wilmot,3530035,Woolwich,TRUE,FALSE,120,1.9062748212867358
3530020,Wilmot,3530027,Wellesley,TRUE,FALSE,90,1.4297061159650517
3530020,Wilmot,3530004,North Dumfries,TRUE,FALSE,60,0.9531374106433679
3530020,Wilmot,3532042,Woodstock,FALSE,FALSE,60,0.9531374106433679
3530020,Wilmot,3531030,Perth East,FALSE,FALSE,50,0.7942811755361397
3530020,Wilmot,3525005,Hamilton,FALSE,FALSE,45,0.7148530579825259
3530020,Wilmot,3529006,Brantford,FALSE,FALSE,45,0.7148530579825259
3530020,Wilmot,3520005,Toronto,FALSE,FALSE,40,0.6354249404289118
3530020,Wilmot,3532038,East Zorra-Tavistock,FALSE,FALSE,40,0.6354249404289118
3530020,Wilmot,3532045,Blandford-Blenheim,FALSE,FALSE,35,0.5559968228752978
3530020,Wilmot,3521005,Mississauga,FALSE,FALSE,15,0.23828435266084197
3530020,Wilmot,3537003,Leamington,FALSE,FALSE,15,0.23828435266084197
3530020,Wilmot,3539036,London,FALSE,FALSE,15,0.23828435266084197
3530020,Wilmot,3515014,Peterborough,FALSE,FALSE,10,0.15885623510722796
3530020,Wilmot,3521010,Brampton,FALSE,FALSE,10,0.15885623510722796
3530020,Wilmot,3523025,Centre Wellington,FALSE,FALSE,10,0.15885623510722796
3530020,Wilmot,3531025,West Perth,FALSE,FALSE,10,0.15885623510722796
3530020,Wilmot,3531040,North Perth,FALSE,FALSE,10,0.15885623510722796
3530020,Wilmot,3532018,Ingersoll,FALSE,FALSE,10,0.15885623510722796
3530035,Woolwich,3530035,Woolwich,TRUE,FALSE,3285,39.64996982498491
3530035,Woolwich,3530013,Kitchener,TRUE,FALSE,1385,16.71695835847918
3530035,Woolwich,3530016,Waterloo,TRUE,FALSE,1055,12.733856366928183
3530035,Woolwich,3530010,Cambridge,TRUE,FALSE,715,8.630054315027158
3530035,Woolwich,3523008,Guelph,FALSE,TRUE,590,7.12130356065178
3530035,Woolwich,3530027,Wellesley,TRUE,FALSE,365,4.405552202776102
3530035,Woolwich,3523025,Centre Wellington,FALSE,FALSE,165,1.9915509957754978
3530035,Woolwich,3523033,Mapleton,FALSE,FALSE,145,1.7501508750754375
3530035,Woolwich,3523009,Guelph/Eramosa,FALSE,FALSE,70,0.8449004224502112
3530035,Woolwich,3521005,Mississauga,FALSE,FALSE,50,0.6035003017501509
3530035,Woolwich,3530020,Wilmot,TRUE,FALSE,45,0.5431502715751357
3530035,Woolwich,3531040,North Perth,FALSE,FALSE,45,0.5431502715751357
3530035,Woolwich,3520005,Toronto,FALSE,FALSE,40,0.48280024140012073
3530035,Woolwich,3521010,Brampton,FALSE,FALSE,40,0.48280024140012073
3530035,Woolwich,3525005,Hamilton,FALSE,FALSE,40,0.48280024140012073
3530035,Woolwich,3523050,Wellington North,FALSE,FALSE,35,0.4224502112251056
3530035,Woolwich,3530004,North Dumfries,TRUE,FALSE,35,0.4224502112251056
3530035,Woolwich,3531030,Perth East,FALSE,FALSE,35,0.4224502112251056
3530035,Woolwich,3523001,Puslinch,FALSE,FALSE,25,0.30175015087507545
3530035,Woolwich,3524002,Burlington,FALSE,FALSE,15,0.18105009052504525
3530035,Woolwich,3524009,Milton,FALSE,FALSE,15,0.18105009052504525
3530035,Woolwich,3529006,Brantford,FALSE,FALSE,15,0.18105009052504525
3530035,Woolwich,3531011,Stratford,FALSE,FALSE,15,0.18105009052504525
3530035,Woolwich,3532042,Woodstock,FALSE,FALSE,15,0.18105009052504525
3530035,Woolwich,3539036,London,FALSE,FALSE,15,0.18105009052504525
3530035,Woolwich,3506008,Ottawa,FALSE,FALSE,10,0.12070006035003018
3530035,Woolwich,3523043,Minto,FALSE,FALSE,10,0.12070006035003018
3530035,Woolwich,3541024,Kincardine,FALSE,FALSE,10,0.12070006035003018
